departamento,lugar_recomendado,descripcion,precio,duracion,url
Amazonas,Habitación en Chachapoyas,Acogedora habitación,S/280,por 5 noches,https://www.airbnb.com.pe/rooms/1121126523340372406?search_mode=regular_search&adults=1&category_tag=Tag%3A8678&check_in=2025-07-10&check_out=2025-07-15&children=0&infants=0&pets=0&photo_id=1869523499&source_impression_id=p3_1752048123_P3sJF3Yx7Y3--_nK&previous_page_section_name=1000&federated_search_id=f1bf8397-9484-4e86-9fcf-8b7f8ea1a427
Amazonas,Alojamiento en Chachapoyas,Acogedora casa en Chachapoyas,S/504,por 5 noches,https://www.airbnb.com.pe/rooms/922320818379364021?search_mode=regular_search&adults=1&check_in=2025-07-09&check_out=2025-07-14&children=0&infants=0&pets=0&source_impression_id=p3_1752048126_P3gRH1PSY7qSIzTB&previous_page_section_name=1000&federated_search_id=f1bf8397-9484-4e86-9fcf-8b7f8ea1a427
Amazonas,Habitación en Chachapoyas,Casa Z,S/268,por 5 noches,https://www.airbnb.com.pe/rooms/1411985978634585272?search_mode=regular_search&adults=1&category_tag=Tag%3A8678&check_in=2025-07-09&check_out=2025-07-14&children=0&infants=0&pets=0&photo_id=2160927717&source_impression_id=p3_1752048126_P3XBbxIfkN24p5No&previous_page_section_name=1000&federated_search_id=f1bf8397-9484-4e86-9fcf-8b7f8ea1a427
Amazonas,Apartamento en Chachapoyas,Acogedor apartamento con balcón,S/630,por 5 noches,https://www.airbnb.com.pe/rooms/1261031126767755709?search_mode=regular_search&adults=1&check_in=2025-07-15&check_out=2025-07-20&children=0&infants=0&pets=0&source_impression_id=p3_1752048126_P3h_DRcrHAxOvcPW&previous_page_section_name=1000&federated_search_id=f1bf8397-9484-4e86-9fcf-8b7f8ea1a427
Amazonas,Hotel en Chachapoyas,Tu estancia perfecta en Chachapoyas.,S/249,por 5 noches,https://www.airbnb.com.pe/rooms/1434829707073676241?search_mode=regular_search&adults=1&check_in=2025-07-09&check_out=2025-07-14&children=0&infants=0&pets=0&source_impression_id=p3_1752048126_P36Z3na4tPPhQgv1&previous_page_section_name=1000&federated_search_id=f1bf8397-9484-4e86-9fcf-8b7f8ea1a427
Amazonas,Apartamento en Chachapoyas,"Hermoso departamento con dos cuartos , chimenea",S/762,por 5 noches,https://www.airbnb.com.pe/rooms/619118534583885849?search_mode=regular_search&adults=1&check_in=2025-07-19&check_out=2025-07-24&children=0&infants=0&pets=0&source_impression_id=p3_1752048126_P3UsdErNcsU7QQlH&previous_page_section_name=1000&federated_search_id=f1bf8397-9484-4e86-9fcf-8b7f8ea1a427
Amazonas,Suite de invitados en Chachapoyas,Acogedora habitación privada,S/285,por 5 noches,https://www.airbnb.com.pe/rooms/719109250652538149?search_mode=regular_search&adults=1&check_in=2025-07-19&check_out=2025-07-24&children=0&infants=0&pets=0&source_impression_id=p3_1752048126_P3OrPkOgmPDyDcTk&previous_page_section_name=1000&federated_search_id=f1bf8397-9484-4e86-9fcf-8b7f8ea1a427
Amazonas,Apartamento en Chachapoyas,Lindo minidepartamento céntrico Chachapoyas,S/698,por 5 noches,https://www.airbnb.com.pe/rooms/958064486468546685?search_mode=regular_search&adults=1&check_in=2025-07-10&check_out=2025-07-15&children=0&infants=0&pets=0&source_impression_id=p3_1752048126_P37gzB2HYnKZF9gC&previous_page_section_name=1000&federated_search_id=f1bf8397-9484-4e86-9fcf-8b7f8ea1a427
Amazonas,Condo en Chachapoyas,Dpto entero con vista a la montañas y la ciudad,S/836,por 5 noches,https://www.airbnb.com.pe/rooms/1372170573620306940?search_mode=regular_search&adults=1&check_in=2025-07-09&check_out=2025-07-14&children=0&infants=0&pets=0&source_impression_id=p3_1752048126_P3DZSJ42590tRR1n&previous_page_section_name=1000&federated_search_id=f1bf8397-9484-4e86-9fcf-8b7f8ea1a427
Amazonas,Alojamiento en Chachapoyas,La cabaña de Chachapoyas,S/782,por 5 noches,https://www.airbnb.com.pe/rooms/1360366513148402767?search_mode=regular_search&adults=1&check_in=2025-07-09&check_out=2025-07-14&children=0&infants=0&pets=0&source_impression_id=p3_1752048126_P3rCp4i7UWZtBLWU&previous_page_section_name=1000&federated_search_id=f1bf8397-9484-4e86-9fcf-8b7f8ea1a427
Áncash,Habitación en Huaraz,Habitación en Departamento +Baño Compartido | 301C,S/189,por 5 noches,https://www.airbnb.com.pe/rooms/1441253836157744188?search_mode=regular_search&adults=1&category_tag=Tag%3A8678&check_in=2025-07-11&check_out=2025-07-16&children=0&infants=0&pets=0&photo_id=2209288620&source_impression_id=p3_1752048137_P3neG4LCNonK8Qig&previous_page_section_name=1000&federated_search_id=8804b038-40c4-49c7-ac96-dc23a1083b4b
Áncash,Apartamento en Huaraz,Departamento moderno y acogedor,S/746,por 5 noches,https://www.airbnb.com.pe/rooms/1429953238599097341?search_mode=regular_search&adults=1&check_in=2025-07-13&check_out=2025-07-18&children=0&infants=0&pets=0&source_impression_id=p3_1752048139_P3nU6LJqJd0lH8uw&previous_page_section_name=1000&federated_search_id=8804b038-40c4-49c7-ac96-dc23a1083b4b
Áncash,Casa de huéspedes en Huaraz,Habitación con Baño privado!,S/321,por 5 noches,https://www.airbnb.com.pe/rooms/1213867388618999683?search_mode=regular_search&adults=1&check_in=2025-07-13&check_out=2025-07-18&children=0&infants=0&pets=0&source_impression_id=p3_1752048139_P3T8Mf4jKUdgYVZ0&previous_page_section_name=1000&federated_search_id=8804b038-40c4-49c7-ac96-dc23a1083b4b
Áncash,Apartamento en Huaraz,Céntrico y Acogedor,S/584,por 5 noches,https://www.airbnb.com.pe/rooms/1303918162128427860?search_mode=regular_search&adults=1&check_in=2025-07-18&check_out=2025-07-23&children=0&infants=0&pets=0&source_impression_id=p3_1752048139_P3bZfxABkof442EG&previous_page_section_name=1000&federated_search_id=8804b038-40c4-49c7-ac96-dc23a1083b4b
Áncash,Apartamento en Huaraz,Amplio y acogedor,S/206,por 5 noches,https://www.airbnb.com.pe/rooms/1086095691114913727?search_mode=regular_search&adults=1&check_in=2025-07-10&check_out=2025-07-15&children=0&infants=0&pets=0&source_impression_id=p3_1752048139_P3Fcz2woZUoLiEFE&previous_page_section_name=1000&federated_search_id=8804b038-40c4-49c7-ac96-dc23a1083b4b
Áncash,Habitación en Huaraz,Habitación matrimonial. bien ambientada,S/257,por 5 noches,https://www.airbnb.com.pe/rooms/654446928618865135?search_mode=regular_search&adults=1&category_tag=Tag%3A8678&check_in=2025-07-14&check_out=2025-07-19&children=0&infants=0&pets=0&photo_id=1429564385&source_impression_id=p3_1752048139_P3N-P_YcRbMvk_2l&previous_page_section_name=1000&federated_search_id=8804b038-40c4-49c7-ac96-dc23a1083b4b
Áncash,Apartamento en Huaraz,Hermoso Depa Privado,S/467,por 5 noches,https://www.airbnb.com.pe/rooms/1407245362491380788?search_mode=regular_search&adults=1&check_in=2025-07-30&check_out=2025-08-04&children=0&infants=0&pets=0&source_impression_id=p3_1752048139_P3_OnNdixpHr8wW8&previous_page_section_name=1000&federated_search_id=8804b038-40c4-49c7-ac96-dc23a1083b4b
Áncash,Apartamento en Huaraz,Lindo departamento para una pareja,S/584,por 5 noches,https://www.airbnb.com.pe/rooms/1100794225881929362?search_mode=regular_search&adults=1&check_in=2025-07-09&check_out=2025-07-14&children=0&infants=0&pets=0&source_impression_id=p3_1752048139_P3py8R9SaOpjzGWF&previous_page_section_name=1000&federated_search_id=8804b038-40c4-49c7-ac96-dc23a1083b4b
Áncash,Habitación en Huaraz,Hab. Triple Familiar en el centro de Huaraz,S/436,por 5 noches,https://www.airbnb.com.pe/rooms/1174039158786629774?search_mode=regular_search&adults=1&category_tag=Tag%3A8678&check_in=2025-07-09&check_out=2025-07-14&children=0&infants=0&pets=0&photo_id=1925298567&source_impression_id=p3_1752048139_P3tnxUZTNxK9hT6y&previous_page_section_name=1000&federated_search_id=8804b038-40c4-49c7-ac96-dc23a1083b4b
Áncash,Apartamento en Huaraz,"Hermoso departamento en estreno, con bonita vista",S/788,por 5 noches,https://www.airbnb.com.pe/rooms/1430068874850769874?search_mode=regular_search&adults=1&check_in=2025-07-09&check_out=2025-07-14&children=0&infants=0&pets=0&source_impression_id=p3_1752048139_P3Sh25DbAbGL_KHX&previous_page_section_name=1000&federated_search_id=8804b038-40c4-49c7-ac96-dc23a1083b4b
Apurímac,Apartamento en Abancay,Habitación amoblada,S/278,por 5 noches,https://www.airbnb.com.pe/rooms/1442770649701728249?search_mode=regular_search&adults=1&check_in=2025-07-09&check_out=2025-07-14&children=0&infants=0&pets=0&source_impression_id=p3_1752048151_P369qJgB4Q23UpsP&previous_page_section_name=1000&federated_search_id=1d0749fa-81e3-457f-8ffb-84b6f0e21508
Apurímac,Apartamento en Abancay,"2 habitaciones, Netflix, wifi rápido,cochera",S/590,por 5 noches,https://www.airbnb.com.pe/rooms/1273904854519956012?search_mode=regular_search&adults=1&check_in=2025-07-11&check_out=2025-07-16&children=0&infants=0&pets=0&source_impression_id=p3_1752048153_P3-a8_HfFYuLsI8E&previous_page_section_name=1000&federated_search_id=1d0749fa-81e3-457f-8ffb-84b6f0e21508
Apurímac,Apartamento en Abancay,Acogedor mini DPTO. en Abancay,S/380,por 5 noches,https://www.airbnb.com.pe/rooms/1243056063595904735?search_mode=regular_search&adults=1&check_in=2025-07-09&check_out=2025-07-14&children=0&infants=0&pets=0&source_impression_id=p3_1752048153_P3x1u2Ie6mncQ9p_&previous_page_section_name=1000&federated_search_id=1d0749fa-81e3-457f-8ffb-84b6f0e21508
Apurímac,Apartamento en Abancay,Departamento en Abancay - todo equipado,S/620,por 5 noches,https://www.airbnb.com.pe/rooms/966660853595826186?search_mode=regular_search&adults=1&check_in=2025-07-15&check_out=2025-07-20&children=0&infants=0&pets=0&source_impression_id=p3_1752048153_P3hpu-Ke5shzUpiJ&previous_page_section_name=1000&federated_search_id=1d0749fa-81e3-457f-8ffb-84b6f0e21508
Apurímac,Habitación en Abancay,Habitación privada_Tamburco/ cama 2 plazas,S/144,,https://www.airbnb.com.pe/rooms/1431394756698030432?search_mode=regular_search&adults=1&category_tag=Tag%3A8678&check_in=2025-07-09&check_out=2025-07-14&children=0&infants=0&pets=0&photo_id=2192422979&source_impression_id=p3_1752048153_P3qfvEsb6KwalkrM&previous_page_section_name=1000&federated_search_id=1d0749fa-81e3-457f-8ffb-84b6f0e21508
Apurímac,Apartahotel en Abancay,Minidepartamento en el centro de Abancay,S/525,,https://www.airbnb.com.pe/rooms/53516753?search_mode=regular_search&adults=1&check_in=2025-07-09&check_out=2025-07-14&children=0&infants=0&pets=0&source_impression_id=p3_1752048153_P3xAvpCnAjT0QQnj&previous_page_section_name=1000&federated_search_id=1d0749fa-81e3-457f-8ffb-84b6f0e21508
Apurímac,Habitación en Abancay,402 Apartamento 2 equipado moderno,S/607,por 5 noches,https://www.airbnb.com.pe/rooms/33079461?search_mode=regular_search&adults=1&category_tag=Tag%3A8678&check_in=2025-07-09&check_out=2025-07-14&children=0&infants=0&pets=0&photo_id=2140979318&source_impression_id=p3_1752048153_P3Hprltm_xDFbr8s&previous_page_section_name=1000&federated_search_id=1d0749fa-81e3-457f-8ffb-84b6f0e21508
Apurímac,Apartamento en Abancay,La Casita de Esperanza,S/467,,https://www.airbnb.com.pe/rooms/1439483576985440044?search_mode=regular_search&adults=1&check_in=2025-07-13&check_out=2025-07-18&children=0&infants=0&pets=0&source_impression_id=p3_1752048153_P3tiBxcMOVWjko-J&previous_page_section_name=1000&federated_search_id=1d0749fa-81e3-457f-8ffb-84b6f0e21508
Apurímac,Hotel en Abancay,Hotel acogedor y elegante.,S/350,por 5 noches,https://www.airbnb.com.pe/rooms/1289304746837462808?search_mode=regular_search&adults=1&check_in=2025-07-10&check_out=2025-07-15&children=0&infants=0&pets=0&source_impression_id=p3_1752048153_P37pi8gzNIdMxMS1&previous_page_section_name=1000&federated_search_id=1d0749fa-81e3-457f-8ffb-84b6f0e21508
Apurímac,Habitación en Abancay,Habitación simple en Abancay,S/280,por 5 noches,https://www.airbnb.com.pe/rooms/840554360982759437?search_mode=regular_search&adults=1&category_tag=Tag%3A8678&check_in=2025-07-09&check_out=2025-07-14&children=0&infants=0&pets=0&photo_id=1607030698&source_impression_id=p3_1752048153_P34HyJdEy1xUC-Mc&previous_page_section_name=1000&federated_search_id=1d0749fa-81e3-457f-8ffb-84b6f0e21508
Arequipa,Lugar para quedarse en Arequipa,Habitación Independiente,S/385,por 5 noches,https://www.airbnb.com.pe/rooms/1206023868127959171?search_mode=regular_search&adults=1&check_in=2025-07-09&check_out=2025-07-14&children=0&infants=0&pets=0&source_impression_id=p3_1752048163_P3fQFAtWXNWSrvwU&previous_page_section_name=1000&federated_search_id=65cccc83-c45f-4746-bdac-de5768a75bd6
Arequipa,Apartamento en Arequipa,Apartamento Mall Porongoche,S/294,,https://www.airbnb.com.pe/rooms/1415568139707990856?search_mode=regular_search&adults=1&check_in=2025-07-10&check_out=2025-07-15&children=0&infants=0&pets=0&source_impression_id=p3_1752048165_P3HH978h-iuhR1tX&previous_page_section_name=1000&federated_search_id=65cccc83-c45f-4746-bdac-de5768a75bd6
Arequipa,Apartamento en Alto Selva Alegre,Malecón Arequipa,S/222,por 5 noches,https://www.airbnb.com.pe/rooms/1309266194033900560?search_mode=regular_search&adults=1&check_in=2025-07-17&check_out=2025-07-22&children=0&infants=0&pets=0&source_impression_id=p3_1752048165_P3qXTjCRVXBJdFOX&previous_page_section_name=1000&federated_search_id=65cccc83-c45f-4746-bdac-de5768a75bd6
Arequipa,Apartamento en Arequipa,Apartamento |chimenea & confort,S/790,por 5 noches,https://www.airbnb.com.pe/rooms/1426990849756410960?search_mode=regular_search&adults=1&check_in=2025-08-05&check_out=2025-08-10&children=0&infants=0&pets=0&source_impression_id=p3_1752048165_P3Jp5Ra84AAJnaxO&previous_page_section_name=1000&federated_search_id=65cccc83-c45f-4746-bdac-de5768a75bd6
Arequipa,Apartamento en Lima,Depa cómodo y bien ubicado. Arequipa,S/525,por 5 noches,https://www.airbnb.com.pe/rooms/1394567965625271862?search_mode=regular_search&adults=1&check_in=2025-07-10&check_out=2025-07-15&children=0&infants=0&pets=0&source_impression_id=p3_1752048165_P30xS_ULfub2T66J&previous_page_section_name=1000&federated_search_id=65cccc83-c45f-4746-bdac-de5768a75bd6
Arequipa,Apartamento en Sachaca,Apartamento en Arequipa,S/584,por 5 noches,https://www.airbnb.com.pe/rooms/1356051433868499128?search_mode=regular_search&adults=1&check_in=2025-08-04&check_out=2025-08-09&children=0&infants=0&pets=0&source_impression_id=p3_1752048165_P33wiu4tqlHtWuPp&previous_page_section_name=1000&federated_search_id=65cccc83-c45f-4746-bdac-de5768a75bd6
Arequipa,Apartamento en Arequipa,Céntrico Mini Departamento 3,S/377,,https://www.airbnb.com.pe/rooms/1118882160846266005?search_mode=regular_search&adults=1&check_in=2025-07-10&check_out=2025-07-15&children=0&infants=0&pets=0&source_impression_id=p3_1752048166_P3kdhppZyaFYtuou&previous_page_section_name=1000&federated_search_id=65cccc83-c45f-4746-bdac-de5768a75bd6
Arequipa,Hostal en Arequipa,Habitación amplia y hermosa,S/380,por 5 noches,https://www.airbnb.com.pe/rooms/720468230089855938?search_mode=regular_search&adults=1&check_in=2025-07-10&check_out=2025-07-15&children=0&infants=0&pets=0&source_impression_id=p3_1752048166_P3UamJ2ixVWEBhd8&previous_page_section_name=1000&federated_search_id=65cccc83-c45f-4746-bdac-de5768a75bd6
Arequipa,Apartamento en Cercado De Arequipa,Mini Apartamento con la mejor ubicación,S/549,,https://www.airbnb.com.pe/rooms/1352501815600410248?search_mode=regular_search&adults=1&check_in=2025-07-20&check_out=2025-07-25&children=0&infants=0&pets=0&source_impression_id=p3_1752048166_P3DTu5Cl02tCnhLi&previous_page_section_name=1000&federated_search_id=65cccc83-c45f-4746-bdac-de5768a75bd6
Arequipa,Apartamento en Arequipa,Departamento céntrico con vista a los volcanes,S/614,,https://www.airbnb.com.pe/rooms/669411113070259618?search_mode=regular_search&adults=1&check_in=2025-07-12&check_out=2025-07-17&children=0&infants=0&pets=0&source_impression_id=p3_1752048166_P3FModPAe49RF85g&previous_page_section_name=1000&federated_search_id=65cccc83-c45f-4746-bdac-de5768a75bd6
Ayacucho,Alojamiento en Lima,Mini departamento en Las Flores,S/310,por 5 noches,https://www.airbnb.com.pe/rooms/1392700425859949213?search_mode=regular_search&adults=1&check_in=2025-07-21&check_out=2025-07-26&children=0&infants=0&pets=0&source_impression_id=p3_1752048177_P3y-nMJKUM368phv&previous_page_section_name=1000&federated_search_id=ebf2211e-acf9-4843-8d60-1e50e74e694c
Ayacucho,Apartamento en Rimac,Enbelle Home! ¡Exclusivo! Departamento + Parking,S/709,,https://www.airbnb.com.pe/rooms/1375600398925170133?search_mode=regular_search&adults=1&check_in=2025-07-17&check_out=2025-07-22&children=0&infants=0&pets=0&source_impression_id=p3_1752048180_P30v3CWaoHrs0C-e&previous_page_section_name=1000&federated_search_id=ebf2211e-acf9-4843-8d60-1e50e74e694c
Ayacucho,Apartamento en Rimac,Departamento para 4 personas,S/660,por 5 noches,https://www.airbnb.com.pe/rooms/1401733864114497394?search_mode=regular_search&adults=1&check_in=2025-07-09&check_out=2025-07-14&children=0&infants=0&pets=0&source_impression_id=p3_1752048180_P33Ir_V4mHOihpjI&previous_page_section_name=1000&federated_search_id=ebf2211e-acf9-4843-8d60-1e50e74e694c
Ayacucho,Apartamento en San Martín de Porres,Departamento cerca al aeropuerto,S/388,por 5 noches,https://www.airbnb.com.pe/rooms/1325792943142510738?search_mode=regular_search&adults=1&check_in=2025-07-10&check_out=2025-07-15&children=0&infants=0&pets=0&source_impression_id=p3_1752048180_P3HBz9-HLka9yxug&previous_page_section_name=1000&federated_search_id=ebf2211e-acf9-4843-8d60-1e50e74e694c
Ayacucho,Condo en Comas,Depa privado estilo Loft cerca al mall de comas,S/461,por 5 noches,https://www.airbnb.com.pe/rooms/1441665835794865237?search_mode=regular_search&adults=1&check_in=2025-07-30&check_out=2025-08-04&children=0&infants=0&pets=0&source_impression_id=p3_1752048180_P3UZ53P1d1FTSQKx&previous_page_section_name=1000&federated_search_id=ebf2211e-acf9-4843-8d60-1e50e74e694c
Ayacucho,Alojamiento en Lima,Dpto cerca del CC Plaza Norte / UNI y Terminal,S/602,por 5 noches,https://www.airbnb.com.pe/rooms/930305808202994726?search_mode=regular_search&adults=1&check_in=2025-07-09&check_out=2025-07-14&children=0&infants=0&pets=0&source_impression_id=p3_1752048180_P3JIesqkAGIFjVWS&previous_page_section_name=1000&federated_search_id=ebf2211e-acf9-4843-8d60-1e50e74e694c
Ayacucho,Apartamento en Lima,"Favorito, Lima norte Internet de alta velocidad",S/391,por 5 noches,https://www.airbnb.com.pe/rooms/1418262909172898746?search_mode=regular_search&adults=1&check_in=2025-07-09&check_out=2025-07-14&children=0&infants=0&pets=0&source_impression_id=p3_1752048180_P3B3EngWQ6bKTO5N&previous_page_section_name=1000&federated_search_id=ebf2211e-acf9-4843-8d60-1e50e74e694c
Ayacucho,Habitación en Los Olivos,"Habitación indep c/garaje, Netflix wifi Los Olivos",S/514,por 5 noches,https://www.airbnb.com.pe/rooms/1402304313713301130?search_mode=regular_search&adults=1&category_tag=Tag%3A8678&check_in=2025-07-09&check_out=2025-07-14&children=0&infants=0&pets=0&photo_id=2156167313&source_impression_id=p3_1752048180_P3l8fGsny7f6fS5J&previous_page_section_name=1000&federated_search_id=ebf2211e-acf9-4843-8d60-1e50e74e694c
Ayacucho,Apartamento en Los Olivos,Departam c/cochera Los Olivos a 20 min Aeropuerto,S/718,por 5 noches,https://www.airbnb.com.pe/rooms/1211147026446851791?search_mode=regular_search&adults=1&check_in=2025-07-09&check_out=2025-07-14&children=0&infants=0&pets=0&source_impression_id=p3_1752048180_P3FpCbGY7_cmZJ9P&previous_page_section_name=1000&federated_search_id=ebf2211e-acf9-4843-8d60-1e50e74e694c
Ayacucho,Apartamento en Jesús María,"Salaverry 1409, Céntrico y Moderno",S/827,por 5 noches,https://www.airbnb.com.pe/rooms/1453982052580579518?search_mode=regular_search&adults=1&check_in=2025-07-10&check_out=2025-07-15&children=0&infants=0&pets=0&source_impression_id=p3_1752048180_P3JjcyhTKCpQXl5l&previous_page_section_name=1000&federated_search_id=ebf2211e-acf9-4843-8d60-1e50e74e694c
Cajamarca,Alojamiento en Cajamarca,Acogedora Habitación Familiar (3G),S/380,por 5 noches,https://www.airbnb.com.pe/rooms/1358265514319192819?search_mode=regular_search&adults=1&check_in=2025-07-09&check_out=2025-07-14&children=0&infants=0&pets=0&source_impression_id=p3_1752048191_P3uFOEh4z28yl_iH&previous_page_section_name=1000&federated_search_id=73a777be-1d3a-478c-a62c-683c92017c4d
Cajamarca,Apartamento en Cajamarca,Departamento 3A,S/648,por 5 noches,https://www.airbnb.com.pe/rooms/1109703136786525915?search_mode=regular_search&adults=1&check_in=2025-07-10&check_out=2025-07-15&children=0&infants=0&pets=0&source_impression_id=p3_1752048193_P3f-sK5IULHhsYel&previous_page_section_name=1000&federated_search_id=73a777be-1d3a-478c-a62c-683c92017c4d
Cajamarca,Lugar para quedarse en Cajamarca,Habitación elegante y acogedora cama Queen/Kitak 6,S/409,por 5 noches,https://www.airbnb.com.pe/rooms/42074725?search_mode=regular_search&adults=1&check_in=2025-07-11&check_out=2025-07-16&children=0&infants=0&pets=0&source_impression_id=p3_1752048193_P3SOMsV2v8cCq72i&previous_page_section_name=1000&federated_search_id=73a777be-1d3a-478c-a62c-683c92017c4d
Cajamarca,Habitación en Cajamarca,Acogedora Habitación Familiar (3P),S/409,por 5 noches,https://www.airbnb.com.pe/rooms/1363246474014740632?search_mode=regular_search&adults=1&category_tag=Tag%3A8678&check_in=2025-07-14&check_out=2025-07-19&children=0&infants=0&pets=0&photo_id=2108566117&source_impression_id=p3_1752048193_P3JJ2SiuC9lRYTuM&previous_page_section_name=1000&federated_search_id=73a777be-1d3a-478c-a62c-683c92017c4d
Cajamarca,Loft en Cajamarca,Apartamento Loft,S/445,por 5 noches,https://www.airbnb.com.pe/rooms/1366799388149987623?search_mode=regular_search&adults=1&check_in=2025-07-11&check_out=2025-07-16&children=0&infants=0&pets=0&source_impression_id=p3_1752048193_P3sQsMM_4C9cUyxr&previous_page_section_name=1000&federated_search_id=73a777be-1d3a-478c-a62c-683c92017c4d
Cajamarca,Apartamento en Cajamarca,403 Departamento con ubicación estratégica.,S/642,por 5 noches,https://www.airbnb.com.pe/rooms/939404083299155225?search_mode=regular_search&adults=1&check_in=2025-08-03&check_out=2025-08-08&children=0&infants=0&pets=0&source_impression_id=p3_1752048193_P3e0Z0KrGkZaRhjX&previous_page_section_name=1000&federated_search_id=73a777be-1d3a-478c-a62c-683c92017c4d
Cajamarca,Habitación en Cajamarca,Habitación del Sauce I,S/315,por 5 noches,https://www.airbnb.com.pe/rooms/1169007968046810973?search_mode=regular_search&adults=1&category_tag=Tag%3A8678&check_in=2025-07-09&check_out=2025-07-14&children=0&infants=0&pets=0&photo_id=2153288922&source_impression_id=p3_1752048193_P3f4GMU3LwF5GPkW&previous_page_section_name=1000&federated_search_id=73a777be-1d3a-478c-a62c-683c92017c4d
Cajamarca,Habitación en Cajamarca,Acogedor mini depa cèntrico,S/267,,https://www.airbnb.com.pe/rooms/1247407851763657279?search_mode=regular_search&adults=1&category_tag=Tag%3A8678&check_in=2025-07-12&check_out=2025-07-17&children=0&infants=0&pets=0&photo_id=1995133465&source_impression_id=p3_1752048193_P3zauTercn5XH_cL&previous_page_section_name=1000&federated_search_id=73a777be-1d3a-478c-a62c-683c92017c4d
Cajamarca,Habitación en Cajamarca,Habitación del Sol (Privada),S/317,por 5 noches,https://www.airbnb.com.pe/rooms/889789889702127344?search_mode=regular_search&adults=1&category_tag=Tag%3A8678&check_in=2025-07-29&check_out=2025-08-03&children=0&infants=0&pets=0&photo_id=1663990675&source_impression_id=p3_1752048193_P3De15xGZ2vCsEfx&previous_page_section_name=1000&federated_search_id=73a777be-1d3a-478c-a62c-683c92017c4d
Cajamarca,Apartamento en Cajamarca,"Alameda Céntrico, seguro junto a Megaplaza 2°Piso",S/759,por 5 noches,https://www.airbnb.com.pe/rooms/1432945993223996289?search_mode=regular_search&adults=1&check_in=2025-08-10&check_out=2025-08-15&children=0&infants=0&pets=0&source_impression_id=p3_1752048193_P3WRGNt21gH9JFEv&previous_page_section_name=1000&federated_search_id=73a777be-1d3a-478c-a62c-683c92017c4d
Callao,Apartamento en Callao,Apartamento moderno cerca al aeropuerto de Lima,S/506,,https://www.airbnb.com.pe/rooms/1400124903756568118?search_mode=regular_search&adults=1&check_in=2025-07-12&check_out=2025-07-17&children=0&infants=0&pets=0&source_impression_id=p3_1752048204_P3avRojyfr-PG8Zo&previous_page_section_name=1000&federated_search_id=1010b50d-4cc5-4ebf-8403-0a56e6ff8cb1
Callao,Apartamento en Callao,A 15 min Aeropuerto | Acogedor,S/481,por 5 noches,https://www.airbnb.com.pe/rooms/1448063666689609034?search_mode=regular_search&adults=1&check_in=2025-07-12&check_out=2025-07-17&children=0&infants=0&pets=0&source_impression_id=p3_1752048206_P3O7Gg7BSRFMoVk8&previous_page_section_name=1000&federated_search_id=1010b50d-4cc5-4ebf-8403-0a56e6ff8cb1
Callao,Apartamento en Callao,Departamento en Condominio Villanova 4 Callao,S/692,por 5 noches,https://www.airbnb.com.pe/rooms/1388881388292743361?search_mode=regular_search&adults=1&check_in=2025-07-09&check_out=2025-07-14&children=0&infants=0&pets=0&source_impression_id=p3_1752048206_P36HUTcptl6npfOp&previous_page_section_name=1000&federated_search_id=1010b50d-4cc5-4ebf-8403-0a56e6ff8cb1
Callao,Apartamento en Callao,Amaneceres Espectaculares: Cerca al Aeropuerto,S/654,por 5 noches,https://www.airbnb.com.pe/rooms/1376951924918713945?search_mode=regular_search&adults=1&check_in=2025-07-28&check_out=2025-08-02&children=0&infants=0&pets=0&source_impression_id=p3_1752048206_P3MNsBwWGAlQujCo&previous_page_section_name=1000&federated_search_id=1010b50d-4cc5-4ebf-8403-0a56e6ff8cb1
Callao,Apartamento en Callao,Departamento Condominio Villanova 3 Callao,S/724,por 5 noches,https://www.airbnb.com.pe/rooms/1179634015734849388?search_mode=regular_search&adults=1&check_in=2025-07-10&check_out=2025-07-15&children=0&infants=0&pets=0&source_impression_id=p3_1752048206_P3SVFZrO8Yi4Y3te&previous_page_section_name=1000&federated_search_id=1010b50d-4cc5-4ebf-8403-0a56e6ff8cb1
Callao,Apartamento en La Perla,Dpto en Costanera de estreno frente al mar,S/888,por 5 noches,https://www.airbnb.com.pe/rooms/1338389714174115377?search_mode=regular_search&adults=1&check_in=2025-07-09&check_out=2025-07-14&children=0&infants=0&pets=0&source_impression_id=p3_1752048206_P3cWfZDiqprdG2cA&previous_page_section_name=1000&federated_search_id=1010b50d-4cc5-4ebf-8403-0a56e6ff8cb1
Callao,Apartamento en Callao,Alojamiento MG,S/447,por 5 noches,https://www.airbnb.com.pe/rooms/1297982981682728389?search_mode=regular_search&adults=1&check_in=2025-07-10&check_out=2025-07-15&children=0&infants=0&pets=0&source_impression_id=p3_1752048206_P3So5fekzqM5yY06&previous_page_section_name=1000&federated_search_id=1010b50d-4cc5-4ebf-8403-0a56e6ff8cb1
Callao,Apartamento en La Perla,Nuevo departamento de dos habitaciones y cochera.,S/546,por 5 noches,https://www.airbnb.com.pe/rooms/1205297984842475639?search_mode=regular_search&adults=1&check_in=2025-07-09&check_out=2025-07-14&children=0&infants=0&pets=0&source_impression_id=p3_1752048206_P3zQCJmgJeD48rVr&previous_page_section_name=1000&federated_search_id=1010b50d-4cc5-4ebf-8403-0a56e6ff8cb1
Callao,Habitación en Callao,Cozy room cerca aeropuerto / traslado seguro,S/304,,https://www.airbnb.com.pe/rooms/637069226603238253?search_mode=regular_search&adults=1&category_tag=Tag%3A8678&check_in=2025-07-09&check_out=2025-07-14&children=0&infants=0&pets=0&photo_id=1640160004&source_impression_id=p3_1752048206_P3LlJmKkc3-r0AYD&previous_page_section_name=1000&federated_search_id=1010b50d-4cc5-4ebf-8403-0a56e6ff8cb1
Callao,Apartamento en Callao,Amplio y acogedor. 15 min del nuevo Aeropuerto,S/439,por 5 noches,https://www.airbnb.com.pe/rooms/51406767?search_mode=regular_search&adults=1&check_in=2025-07-28&check_out=2025-08-02&children=0&infants=0&pets=0&source_impression_id=p3_1752048206_P3XiWrNzSt-QLObF&previous_page_section_name=1000&federated_search_id=1010b50d-4cc5-4ebf-8403-0a56e6ff8cb1
Cusco,Apartamento en Cusco,Apartamento en Cusco,S/221,por 5 noches,https://www.airbnb.com.pe/rooms/1447242802237841154?search_mode=regular_search&adults=1&check_in=2025-07-09&check_out=2025-07-14&children=0&infants=0&pets=0&source_impression_id=p3_1752048218_P32GM8UxwPxdBqk-&previous_page_section_name=1000&federated_search_id=066c037c-787d-4ae0-8256-16597713dbae
Cusco,Apartamento en Cusco,habitación,S/234,por 5 noches,https://www.airbnb.com.pe/rooms/1155097888747219275?search_mode=regular_search&adults=1&check_in=2025-07-09&check_out=2025-07-14&children=0&infants=0&pets=0&source_impression_id=p3_1752048220_P3c33MuB4dvD5Vz5&previous_page_section_name=1000&federated_search_id=066c037c-787d-4ae0-8256-16597713dbae
Cusco,Apartamento en Cusco,Casa de la Tranquilidad,S/409,por 5 noches,https://www.airbnb.com.pe/rooms/1377912183962729100?search_mode=regular_search&adults=1&check_in=2025-07-09&check_out=2025-07-14&children=0&infants=0&pets=0&source_impression_id=p3_1752048220_P3a4Kw_K6zhyAjA4&previous_page_section_name=1000&federated_search_id=066c037c-787d-4ae0-8256-16597713dbae
Cusco,Apartamento en Cusco,Acogedor con vista hermosa 503,S/514,por 5 noches,https://www.airbnb.com.pe/rooms/1385644813901126649?search_mode=regular_search&adults=1&check_in=2025-09-23&check_out=2025-09-28&children=0&infants=0&pets=0&source_impression_id=p3_1752048220_P397T3G9XgnIHv4n&previous_page_section_name=1000&federated_search_id=066c037c-787d-4ae0-8256-16597713dbae
Cusco,Apartamento en Cusco,Departamento 10 min de la plaza.,S/496,por 5 noches,https://www.airbnb.com.pe/rooms/1422117076528584718?search_mode=regular_search&adults=1&check_in=2025-07-09&check_out=2025-07-14&children=0&infants=0&pets=0&source_impression_id=p3_1752048220_P3MsijiLOEu7LkVH&previous_page_section_name=1000&federated_search_id=066c037c-787d-4ae0-8256-16597713dbae
Cusco,Apartamento en Cusco,Apartamento Privado Familiar,S/327,por 5 noches,https://www.airbnb.com.pe/rooms/1443825803919076767?search_mode=regular_search&adults=1&check_in=2025-07-09&check_out=2025-07-14&children=0&infants=0&pets=0&source_impression_id=p3_1752048220_P3OTtavSA4m6PSnB&previous_page_section_name=1000&federated_search_id=066c037c-787d-4ae0-8256-16597713dbae
Cusco,Lugar para quedarse en Cusco,Bella habitación independiente con smart tv,S/248,por 5 noches,https://www.airbnb.com.pe/rooms/1157616286270563991?search_mode=regular_search&adults=1&check_in=2025-07-11&check_out=2025-07-16&children=0&infants=0&pets=0&source_impression_id=p3_1752048220_P38bM9C5nJb4hzXD&previous_page_section_name=1000&federated_search_id=066c037c-787d-4ae0-8256-16597713dbae
Cusco,Habitación en Cusco,Acogedora Habitación con baño privado,S/234,por 5 noches,https://www.airbnb.com.pe/rooms/640506548881571441?search_mode=regular_search&adults=1&category_tag=Tag%3A8678&check_in=2025-07-18&check_out=2025-07-23&children=0&infants=0&pets=0&photo_id=1425160689&source_impression_id=p3_1752048220_P36HlqSYHKqffWL1&previous_page_section_name=1000&federated_search_id=066c037c-787d-4ae0-8256-16597713dbae
Cusco,Apartamento en Cusco,Apartamento acogedor privado en Cuzco,S/400,,https://www.airbnb.com.pe/rooms/51270605?search_mode=regular_search&adults=1&check_in=2025-07-09&check_out=2025-07-14&children=0&infants=0&pets=0&source_impression_id=p3_1752048220_P3Ar14M1KyO-4JpN&previous_page_section_name=1000&federated_search_id=066c037c-787d-4ae0-8256-16597713dbae
Cusco,Lugar para quedarse en Cusco,Posada del León X,S/350,,https://www.airbnb.com.pe/rooms/617549817382287708?search_mode=regular_search&adults=1&check_in=2025-07-13&check_out=2025-07-18&children=0&infants=0&pets=0&source_impression_id=p3_1752048220_P3huy6rmOiFGHKvI&previous_page_section_name=1000&federated_search_id=066c037c-787d-4ae0-8256-16597713dbae
Huancavelica,Apartamento en Huancavelica,Departamentos en Huancavelica,S/515,por 5 noches,https://www.airbnb.com.pe/rooms/1341354597594317003?search_mode=regular_search&adults=1&check_in=2025-07-10&check_out=2025-07-15&children=0&infants=0&pets=0&source_impression_id=p3_1752048231_P3AbmYoFXF5TNPk6&previous_page_section_name=1000&federated_search_id=b90b0de9-5282-41e8-bde3-d8cdaa564d32
Huancavelica,Apartamento en Huancavelica,¡Cariñito huancavelicano!,"S/1,021",por 5 noches,https://www.airbnb.com.pe/rooms/1236472646894983697?search_mode=regular_search&adults=1&check_in=2025-07-13&check_out=2025-07-18&children=0&infants=0&pets=0&source_impression_id=p3_1752048233_P3KLiSHqKqukJJJC&previous_page_section_name=1000&federated_search_id=b90b0de9-5282-41e8-bde3-d8cdaa564d32
Huancavelica,Apartamento en Huancavelica,Departamento a dos cuadras de la plaza principal,S/525,por 5 noches,https://www.airbnb.com.pe/rooms/1235023936792573031?search_mode=regular_search&adults=1&check_in=2025-07-19&check_out=2025-07-24&children=0&infants=0&pets=0&source_impression_id=p3_1752048233_P3ZpS9zrXJXsqsDH&previous_page_section_name=1000&federated_search_id=b90b0de9-5282-41e8-bde3-d8cdaa564d32
Huancavelica,Apartamento en Huancavelica,PRECIOSO DEPARTAMENTO CON CHIMENEA INTERIOR,"S/1,080",por 5 noches,https://www.airbnb.com.pe/rooms/53528321?search_mode=regular_search&adults=1&check_in=2025-07-09&check_out=2025-07-14&children=0&infants=0&pets=0&source_impression_id=p3_1752048233_P3Y2j3voV76y9uxh&previous_page_section_name=1000&federated_search_id=b90b0de9-5282-41e8-bde3-d8cdaa564d32
Huancavelica,Habitación en Huancavelica,Acogedor Alojamiento en Huancavelica Pymabet,S/263,por 5 noches,https://www.airbnb.com.pe/rooms/755170865168686394?search_mode=regular_search&adults=1&category_tag=Tag%3A8678&check_in=2025-07-09&check_out=2025-07-14&children=0&infants=0&pets=0&photo_id=1523544990&source_impression_id=p3_1752048233_P3GASQXfRzcWwhhe&previous_page_section_name=1000&federated_search_id=b90b0de9-5282-41e8-bde3-d8cdaa564d32
Huancavelica,Alojamiento en Huancavelica,Casa con ambiente familiar.,"S/1,167",por 5 noches,https://www.airbnb.com.pe/rooms/958638350161926670?search_mode=regular_search&adults=1&check_in=2025-07-09&check_out=2025-07-14&children=0&infants=0&pets=0&source_impression_id=p3_1752048233_P3_YYCwE9LBkAvnY&previous_page_section_name=1000&federated_search_id=b90b0de9-5282-41e8-bde3-d8cdaa564d32
Huancavelica,Apartamento en Huancavelica,Acogedor mini departamento.,S/467,por 5 noches,https://www.airbnb.com.pe/rooms/1207169781677040051?search_mode=regular_search&adults=1&check_in=2025-07-09&check_out=2025-07-14&children=0&infants=0&pets=0&source_impression_id=p3_1752048233_P3vZl9EBAfBngJna&previous_page_section_name=1000&federated_search_id=b90b0de9-5282-41e8-bde3-d8cdaa564d32
Huancavelica,Casa de huéspedes en Huancavelica,"casa de Huéspedes ""El Mercurio""",S/280,por 5 noches,https://www.airbnb.com.pe/rooms/875644056690885957?search_mode=regular_search&adults=1&check_in=2025-07-12&check_out=2025-07-17&children=0&infants=0&pets=0&source_impression_id=p3_1752048233_P38v0ErdWUAp_Hkh&previous_page_section_name=1000&federated_search_id=b90b0de9-5282-41e8-bde3-d8cdaa564d32
Huancavelica,Habitación en Huancavelica,Posada Señor de Palomo,S/183,,https://www.airbnb.com.pe/rooms/1334826767133086949?search_mode=regular_search&adults=1&category_tag=Tag%3A8678&check_in=2025-07-09&check_out=2025-07-14&children=0&infants=0&pets=0&photo_id=2069045854&source_impression_id=p3_1752048233_P3ilIMuCz5hQhqmH&previous_page_section_name=1000&federated_search_id=b90b0de9-5282-41e8-bde3-d8cdaa564d32
Huancavelica,Apartamento en Huancavelica,CASA/ALOJAMIENTO PYMABET,"S/1,074",por 5 noches,https://www.airbnb.com.pe/rooms/41791367?search_mode=regular_search&adults=1&check_in=2025-07-09&check_out=2025-07-14&children=0&infants=0&pets=0&source_impression_id=p3_1752048233_P3w7kg_oQLAqvgpd&previous_page_section_name=1000&federated_search_id=b90b0de9-5282-41e8-bde3-d8cdaa564d32
Huánuco,Apartamento en Huánuco,Céntrico mini apartamento,S/409,por 5 noches,https://www.airbnb.com.pe/rooms/1369006583888143298?search_mode=regular_search&adults=1&check_in=2025-07-09&check_out=2025-07-14&children=0&infants=0&pets=0&source_impression_id=p3_1752048244_P3_wC-_B_hz9ce2o&previous_page_section_name=1000&federated_search_id=655b3735-5174-4e2f-a887-0a37f7e4b4bb
Huánuco,Apartamento en Huánuco,"Moderno Dpto a 5min Plaza-Wifi 1,000Mbps+Netflix",S/516,por 5 noches,https://www.airbnb.com.pe/rooms/1151078939336732711?search_mode=regular_search&adults=1&check_in=2025-07-31&check_out=2025-08-05&children=0&infants=0&pets=0&source_impression_id=p3_1752048246_P3VIBau5SGM8dcZ2&previous_page_section_name=1000&federated_search_id=655b3735-5174-4e2f-a887-0a37f7e4b4bb
Huánuco,Alojamiento en Amarilis,Departamento increíble amplia y cómoda,S/409,,https://www.airbnb.com.pe/rooms/1401571687618249105?search_mode=regular_search&adults=1&check_in=2025-07-14&check_out=2025-07-19&children=0&infants=0&pets=0&source_impression_id=p3_1752048246_P3g8Jd7ZyzrSZJv1&previous_page_section_name=1000&federated_search_id=655b3735-5174-4e2f-a887-0a37f7e4b4bb
Huánuco,Apartamento en Amarilis,Departamento Familiar - Huánuco,S/602,por 5 noches,https://www.airbnb.com.pe/rooms/1406591219966451726?search_mode=regular_search&adults=1&check_in=2025-07-20&check_out=2025-07-25&children=0&infants=0&pets=0&source_impression_id=p3_1752048246_P3THpOSpUX6DB-aw&previous_page_section_name=1000&federated_search_id=655b3735-5174-4e2f-a887-0a37f7e4b4bb
Huánuco,Apartamento en Huánuco,Departamento familiar.,S/724,por 5 noches,https://www.airbnb.com.pe/rooms/1234148511697913917?search_mode=regular_search&adults=1&check_in=2025-07-09&check_out=2025-07-14&children=0&infants=0&pets=0&source_impression_id=p3_1752048246_P3bJQGCuiQQI4TQD&previous_page_section_name=1000&federated_search_id=655b3735-5174-4e2f-a887-0a37f7e4b4bb
Huánuco,Habitación en Huánuco,Habitación Tres,S/243,por 5 noches,https://www.airbnb.com.pe/rooms/1340983742366672217?search_mode=regular_search&adults=1&category_tag=Tag%3A8678&check_in=2025-07-09&check_out=2025-07-14&children=0&infants=0&pets=0&photo_id=2075259158&source_impression_id=p3_1752048246_P3tXu4SBcGi27V1o&previous_page_section_name=1000&federated_search_id=655b3735-5174-4e2f-a887-0a37f7e4b4bb
Huánuco,Alojamiento en Huánuco,Habitación en el primer piso Acceso privado,S/286,por 5 noches,https://www.airbnb.com.pe/rooms/1361282985979984242?search_mode=regular_search&adults=1&check_in=2025-07-09&check_out=2025-07-14&children=0&infants=0&pets=0&source_impression_id=p3_1752048246_P31IaqAplMOM53TA&previous_page_section_name=1000&federated_search_id=655b3735-5174-4e2f-a887-0a37f7e4b4bb
Huánuco,Apartamento en Amarilis,Moderno y acogedor departamento en Huánuco.,S/887,,https://www.airbnb.com.pe/rooms/1029953868798436817?search_mode=regular_search&adults=1&check_in=2025-07-11&check_out=2025-07-16&children=0&infants=0&pets=0&source_impression_id=p3_1752048246_P3j5AT0adH1zjjfl&previous_page_section_name=1000&federated_search_id=655b3735-5174-4e2f-a887-0a37f7e4b4bb
Huánuco,Apartamento en Amarilis,"Casa Sacha 1 habitación con gran vista Huanuco, Perú",S/533,por 5 noches,https://www.airbnb.com.pe/rooms/1355307608966870565?search_mode=regular_search&adults=1&check_in=2025-07-09&check_out=2025-07-14&children=0&infants=0&pets=0&source_impression_id=p3_1752048246_P3ymwz_StfKoOmEN&previous_page_section_name=1000&federated_search_id=655b3735-5174-4e2f-a887-0a37f7e4b4bb
Huánuco,Apartamento en Amarilis,Departamento Moderno y Acogedora,S/616,por 5 noches,https://www.airbnb.com.pe/rooms/1252473345046144147?search_mode=regular_search&adults=1&check_in=2025-07-09&check_out=2025-07-14&children=0&infants=0&pets=0&source_impression_id=p3_1752048246_P3Jpa5QL9gswe1Qr&previous_page_section_name=1000&federated_search_id=655b3735-5174-4e2f-a887-0a37f7e4b4bb
Ica,Alojamiento en Ica,Exclusiva casa en huacachina2 con estacionamiento,S/556,por 5 noches,https://www.airbnb.com.pe/rooms/1309656730824335209?search_mode=regular_search&adults=1&check_in=2025-07-09&check_out=2025-07-14&children=0&infants=0&pets=0&source_impression_id=p3_1752048257_P3RdqMFN1kF99poh&previous_page_section_name=1000&federated_search_id=2b9da3c8-2bf6-4604-9678-9c9118195da3
Ica,Alojamiento en Ica,Departamento a 2 cuadra de plaza de armas de Ica,S/441,por 5 noches,https://www.airbnb.com.pe/rooms/1415343340186759444?search_mode=regular_search&adults=1&check_in=2025-08-03&check_out=2025-08-08&children=0&infants=0&pets=0&source_impression_id=p3_1752048260_P3LY3qNp27Xv7uSM&previous_page_section_name=1000&federated_search_id=2b9da3c8-2bf6-4604-9678-9c9118195da3
Ica,Hotel en Ica,Hospedaje Villa del sol - 06,S/200,por 5 noches,https://www.airbnb.com.pe/rooms/1341441317115128326?search_mode=regular_search&adults=1&check_in=2025-07-11&check_out=2025-07-16&children=0&infants=0&pets=0&source_impression_id=p3_1752048260_P3A2G_32RzbWsJJy&previous_page_section_name=1000&federated_search_id=2b9da3c8-2bf6-4604-9678-9c9118195da3
Ica,Alojamiento en Ica,Departamento Los viñedos,S/720,por 5 noches,https://www.airbnb.com.pe/rooms/761543198680795036?search_mode=regular_search&adults=1&check_in=2025-07-20&check_out=2025-07-25&children=0&infants=0&pets=0&source_impression_id=p3_1752048260_P3RHolUmmfhVIN6V&previous_page_section_name=1000&federated_search_id=2b9da3c8-2bf6-4604-9678-9c9118195da3
Ica,Apartamento en Ica,Hermoso Departamento completo amoblado,S/532,por 5 noches,https://www.airbnb.com.pe/rooms/563783657927810497?search_mode=regular_search&adults=1&check_in=2025-07-10&check_out=2025-07-15&children=0&infants=0&pets=0&source_impression_id=p3_1752048260_P3d5t9a_VR5z6qjw&previous_page_section_name=1000&federated_search_id=2b9da3c8-2bf6-4604-9678-9c9118195da3
Ica,Apartamento en Ica,Apartamento en Ica (el azul),S/419,por 5 noches,https://www.airbnb.com.pe/rooms/1201540033252407027?search_mode=regular_search&adults=1&check_in=2025-07-13&check_out=2025-07-18&children=0&infants=0&pets=0&source_impression_id=p3_1752048260_P3V6D63BnrRwWPTd&previous_page_section_name=1000&federated_search_id=2b9da3c8-2bf6-4604-9678-9c9118195da3
Ica,Habitación en Ica,Habitación confortable independiente Primer piso,S/292,por 5 noches,https://www.airbnb.com.pe/rooms/1057455018183494436?search_mode=regular_search&adults=1&category_tag=Tag%3A8678&check_in=2025-07-09&check_out=2025-07-14&children=0&infants=0&pets=0&photo_id=1820517542&source_impression_id=p3_1752048260_P3zR2kLbgFFjAUgR&previous_page_section_name=1000&federated_search_id=2b9da3c8-2bf6-4604-9678-9c9118195da3
Ica,Habitación en Ica,Cama personal 3er piso a 2cdas plaza de armas,S/222,por 5 noches,https://www.airbnb.com.pe/rooms/1353047961980094959?search_mode=regular_search&adults=1&category_tag=Tag%3A8678&check_in=2025-07-09&check_out=2025-07-14&children=0&infants=0&pets=0&photo_id=2085851081&source_impression_id=p3_1752048260_P3uS-DVE0ura43mD&previous_page_section_name=1000&federated_search_id=2b9da3c8-2bf6-4604-9678-9c9118195da3
Ica,Alojamiento en Ica,"Casa moderna con piscina, amplio jardín y parrilla","S/2,505",por 5 noches,https://www.airbnb.com.pe/rooms/1370406665386453341?search_mode=regular_search&adults=1&check_in=2025-07-14&check_out=2025-07-19&children=0&infants=0&pets=0&source_impression_id=p3_1752048260_P3Uu87-oHSQ5h8yb&previous_page_section_name=1000&federated_search_id=2b9da3c8-2bf6-4604-9678-9c9118195da3
Ica,Apartamento en Ica,1 Alojamiento céntrico con cochera wifi y cocina,S/465,,https://www.airbnb.com.pe/rooms/992288157194285978?search_mode=regular_search&adults=1&check_in=2025-07-10&check_out=2025-07-15&children=0&infants=0&pets=0&source_impression_id=p3_1752048260_P3pGIOrXQv5m_8am&previous_page_section_name=1000&federated_search_id=2b9da3c8-2bf6-4604-9678-9c9118195da3
Junín,Habitación en Huancayo,Céntrica Habitación | WiFi | Baño privado,S/222,por 5 noches,https://www.airbnb.com.pe/rooms/1426480780334177983?search_mode=regular_search&adults=1&category_tag=Tag%3A8678&check_in=2025-07-10&check_out=2025-07-15&children=0&infants=0&pets=0&photo_id=2235075996&source_impression_id=p3_1752048271_P3WCvDaJTIvYzyNP&previous_page_section_name=1000&federated_search_id=decddb73-4b6e-4aa7-a148-2857309cd93e
Junín,Apartamento en Huancayo,Acogedor y céntrico I Departamento,S/572,por 5 noches,https://www.airbnb.com.pe/rooms/1020388793424125870?search_mode=regular_search&adults=1&check_in=2025-07-13&check_out=2025-07-18&children=0&infants=0&pets=0&source_impression_id=p3_1752048273_P3RnTJPANJKZHU8M&previous_page_section_name=1000&federated_search_id=decddb73-4b6e-4aa7-a148-2857309cd93e
Junín,Loft en Huancayo,Mini departamento,S/590,por 5 noches,https://www.airbnb.com.pe/rooms/587779520311963982?search_mode=regular_search&adults=1&check_in=2025-07-09&check_out=2025-07-14&children=0&infants=0&pets=0&source_impression_id=p3_1752048273_P3aZPOPkDPKjnUup&previous_page_section_name=1000&federated_search_id=decddb73-4b6e-4aa7-a148-2857309cd93e
Junín,Alojamiento en Huancayo,Hogar dulce hogar,S/289,por 5 noches,https://www.airbnb.com.pe/rooms/1434959210545627617?search_mode=regular_search&adults=1&check_in=2025-07-11&check_out=2025-07-16&children=0&infants=0&pets=0&source_impression_id=p3_1752048273_P3ujSxQpiy23nxoW&previous_page_section_name=1000&federated_search_id=decddb73-4b6e-4aa7-a148-2857309cd93e
Junín,Apartamento en Huancayo,101 Toscana Home,S/555,por 5 noches,https://www.airbnb.com.pe/rooms/1072425701258816107?search_mode=regular_search&adults=1&check_in=2025-07-13&check_out=2025-07-18&children=0&infants=0&pets=0&source_impression_id=p3_1752048273_P3BvSDqd8UrY-jwy&previous_page_section_name=1000&federated_search_id=decddb73-4b6e-4aa7-a148-2857309cd93e
Junín,Apartamento en Huancayo,Apartamento piso 10,S/730,por 5 noches,https://www.airbnb.com.pe/rooms/1219047945866768691?search_mode=regular_search&adults=1&check_in=2025-07-10&check_out=2025-07-15&children=0&infants=0&pets=0&source_impression_id=p3_1752048273_P3ff8JtUXxAaCkmx&previous_page_section_name=1000&federated_search_id=decddb73-4b6e-4aa7-a148-2857309cd93e
Junín,Apartamento en Huancayo,Huanca Loft,S/461,por 5 noches,https://www.airbnb.com.pe/rooms/1388476732148850106?search_mode=regular_search&adults=1&check_in=2025-07-12&check_out=2025-07-17&children=0&infants=0&pets=0&source_impression_id=p3_1752048273_P3sUzJ7wGaQxd1_D&previous_page_section_name=1000&federated_search_id=decddb73-4b6e-4aa7-a148-2857309cd93e
Junín,Loft en Huancayo,ROOF TOP diseño exclusivo,S/770,por 5 noches,https://www.airbnb.com.pe/rooms/1029629623676633942?search_mode=regular_search&adults=1&check_in=2025-07-10&check_out=2025-07-15&children=0&infants=0&pets=0&source_impression_id=p3_1752048273_P3_LSfi_569mjowZ&previous_page_section_name=1000&federated_search_id=decddb73-4b6e-4aa7-a148-2857309cd93e
Junín,Loft en Huancayo,Acogedora estadía con terraza,S/514,por 5 noches,https://www.airbnb.com.pe/rooms/1400936701585562564?search_mode=regular_search&adults=1&check_in=2025-07-09&check_out=2025-07-14&children=0&infants=0&pets=0&source_impression_id=p3_1752048273_P321CwGu7Mbykjvs&previous_page_section_name=1000&federated_search_id=decddb73-4b6e-4aa7-a148-2857309cd93e
Junín,Apartamento en Huancayo,Exclusivo Apartamento familiar con ascensor,S/805,por 5 noches,https://www.airbnb.com.pe/rooms/1398925348038489484?search_mode=regular_search&adults=1&check_in=2025-07-14&check_out=2025-07-19&children=0&infants=0&pets=0&source_impression_id=p3_1752048273_P3vcL_hI1jHB3vuK&previous_page_section_name=1000&federated_search_id=decddb73-4b6e-4aa7-a148-2857309cd93e
La Libertad,Apartamento en Víctor Larco Herrera,Covicorti 202/cerca a Mall Plaza,S/539,,https://www.airbnb.com.pe/rooms/1152994939037122384?search_mode=regular_search&adults=1&check_in=2025-07-13&check_out=2025-07-18&children=0&infants=0&pets=0&source_impression_id=p3_1752048282_P3P0dMe4_0lbqgdd&previous_page_section_name=1000&federated_search_id=34c18618-781d-4b9d-bb5f-f40045de8729
La Libertad,Lugar para quedarse en Trujillo,Habitación independiente Trujillo-Quintanas,S/321,por 5 noches,https://www.airbnb.com.pe/rooms/1240064946747437181?search_mode=regular_search&adults=1&check_in=2025-07-13&check_out=2025-07-18&children=0&infants=0&pets=0&source_impression_id=p3_1752048284_P3rINno6lyKW_1L8&previous_page_section_name=1000&federated_search_id=34c18618-781d-4b9d-bb5f-f40045de8729
La Libertad,Apartamento en Trujillo,Mini en San Andrés,S/613,por 5 noches,https://www.airbnb.com.pe/rooms/1371714259688398282?search_mode=regular_search&adults=1&check_in=2025-07-20&check_out=2025-07-25&children=0&infants=0&pets=0&source_impression_id=p3_1752048284_P3S7itL2nutO57AH&previous_page_section_name=1000&federated_search_id=34c18618-781d-4b9d-bb5f-f40045de8729
La Libertad,Apartamento en Víctor Larco Herrera,Covicorti - Hermoso departamento con terraza,S/689,por 5 noches,https://www.airbnb.com.pe/rooms/1396101969169391209?search_mode=regular_search&adults=1&check_in=2025-07-13&check_out=2025-07-18&children=0&infants=0&pets=0&source_impression_id=p3_1752048284_P3K4fHBNkL9vLEj5&previous_page_section_name=1000&federated_search_id=34c18618-781d-4b9d-bb5f-f40045de8729
La Libertad,Apartamento en Víctor Larco Herrera,Cerca al óvalo papal y metro,S/537,por 5 noches,https://www.airbnb.com.pe/rooms/1095846449402521835?search_mode=regular_search&adults=1&check_in=2025-07-18&check_out=2025-07-23&children=0&infants=0&pets=0&source_impression_id=p3_1752048284_P3c9vD4Q62Jh9-kY&previous_page_section_name=1000&federated_search_id=34c18618-781d-4b9d-bb5f-f40045de8729
La Libertad,Habitación en Trujillo,503- Confort habitación c/terraza privada/cochera,S/379,por 5 noches,https://www.airbnb.com.pe/rooms/1227163188526360673?search_mode=regular_search&adults=1&category_tag=Tag%3A8678&check_in=2025-07-09&check_out=2025-07-14&children=0&infants=0&pets=0&photo_id=1978286890&source_impression_id=p3_1752048284_P30CMiU5DpxUkg_X&previous_page_section_name=1000&federated_search_id=34c18618-781d-4b9d-bb5f-f40045de8729
La Libertad,Apartamento en Trujillo,Departamento muy confortable,S/700,por 5 noches,https://www.airbnb.com.pe/rooms/1327534188692922721?search_mode=regular_search&adults=1&check_in=2025-07-10&check_out=2025-07-15&children=0&infants=0&pets=0&source_impression_id=p3_1752048284_P3M0Yzr3fP9FwoVp&previous_page_section_name=1000&federated_search_id=34c18618-781d-4b9d-bb5f-f40045de8729
La Libertad,Apartamento en Trujillo,2BR | Trujillo Central Stay,S/609,,https://www.airbnb.com.pe/rooms/835016749376194909?search_mode=regular_search&adults=1&check_in=2025-07-10&check_out=2025-07-15&children=0&infants=0&pets=0&source_impression_id=p3_1752048284_P3gTOD8tJY213EsG&previous_page_section_name=1000&federated_search_id=34c18618-781d-4b9d-bb5f-f40045de8729
La Libertad,Habitación en Trujillo,Habitación Trujillo - Mall Plaza,S/263,por 5 noches,https://www.airbnb.com.pe/rooms/1322027026448819619?search_mode=regular_search&adults=1&category_tag=Tag%3A8678&check_in=2025-07-09&check_out=2025-07-14&children=0&infants=0&pets=0&photo_id=2101176230&source_impression_id=p3_1752048284_P3bvqVVuXT38YqeP&previous_page_section_name=1000&federated_search_id=34c18618-781d-4b9d-bb5f-f40045de8729
La Libertad,Apartamento en Víctor Larco Herrera,Mini departamento Víctor Larco,S/524,por 5 noches,https://www.airbnb.com.pe/rooms/1208779969269700629?search_mode=regular_search&adults=1&check_in=2025-07-15&check_out=2025-07-20&children=0&infants=0&pets=0&source_impression_id=p3_1752048284_P3zO9SRlWkORSeqs&previous_page_section_name=1000&federated_search_id=34c18618-781d-4b9d-bb5f-f40045de8729
Lambayeque,Alojamiento en Lambayeque,Casa de estreno.,S/507,por 5 noches,https://www.airbnb.com.pe/rooms/1355448712263756830?search_mode=regular_search&adults=1&check_in=2025-07-18&check_out=2025-07-23&children=0&infants=0&pets=0&source_impression_id=p3_1752048295_P3nlK91ZAuvcnjBH&previous_page_section_name=1000&federated_search_id=96a528a3-5209-40ef-bb40-7202e5eb31e0
Lambayeque,Alojamiento en Lambayeque,Casa Los Miguelitos,S/467,por 5 noches,https://www.airbnb.com.pe/rooms/1327769001248664049?search_mode=regular_search&adults=1&check_in=2025-07-09&check_out=2025-07-14&children=0&infants=0&pets=0&source_impression_id=p3_1752048297_P3JoGe8ng0wf7oMV&previous_page_section_name=1000&federated_search_id=96a528a3-5209-40ef-bb40-7202e5eb31e0
Lambayeque,Apartamento en Lambayeque,Mini departamento en Lambayeque,S/380,por 5 noches,https://www.airbnb.com.pe/rooms/1282962208427901638?search_mode=regular_search&adults=1&check_in=2025-07-29&check_out=2025-08-03&children=0&infants=0&pets=0&source_impression_id=p3_1752048297_P3zPsGyoyT7ewDMX&previous_page_section_name=1000&federated_search_id=96a528a3-5209-40ef-bb40-7202e5eb31e0
Lambayeque,Habitación en Lambayeque,Alquilo habitación en Lambayeque,S/292,por 5 noches,https://www.airbnb.com.pe/rooms/1055781285369727488?search_mode=regular_search&adults=1&category_tag=Tag%3A8678&check_in=2025-07-10&check_out=2025-07-15&children=0&infants=0&pets=0&photo_id=1810393610&source_impression_id=p3_1752048297_P3n0Woi8c0KvJtjt&previous_page_section_name=1000&federated_search_id=96a528a3-5209-40ef-bb40-7202e5eb31e0
Lambayeque,Habitación en Lambayeque,Habitación en la ciudad de Lambayeque,S/234,por 5 noches,https://www.airbnb.com.pe/rooms/16119233?search_mode=regular_search&adults=1&category_tag=Tag%3A8678&check_in=2025-07-10&check_out=2025-07-15&children=0&infants=0&pets=0&photo_id=632781571&source_impression_id=p3_1752048297_P33oSsRIEw2bjg31&previous_page_section_name=1000&federated_search_id=96a528a3-5209-40ef-bb40-7202e5eb31e0
Lambayeque,Apartamento en Lambayeque,[A] Encantador apartamento - Lambayeque,S/724,por 5 noches,https://www.airbnb.com.pe/rooms/1045681393561529938?search_mode=regular_search&adults=1&check_in=2025-07-17&check_out=2025-07-22&children=0&infants=0&pets=0&source_impression_id=p3_1752048297_P3lmbY85v-d0w2Tb&previous_page_section_name=1000&federated_search_id=96a528a3-5209-40ef-bb40-7202e5eb31e0
Lambayeque,Apartamento en Lambayeque,Bonito Departamento en el Corazón de Lambayeque,"S/1,368",por 5 noches,https://www.airbnb.com.pe/rooms/38625335?search_mode=regular_search&adults=1&check_in=2025-07-18&check_out=2025-07-23&children=0&infants=0&pets=0&source_impression_id=p3_1752048297_P3CqtnqKusKiwPWp&previous_page_section_name=1000&federated_search_id=96a528a3-5209-40ef-bb40-7202e5eb31e0
Lambayeque,Habitación en Lambayeque,Habitación matrimonial - Galilea,S/245,por 5 noches,https://www.airbnb.com.pe/rooms/1373361721193027747?search_mode=regular_search&adults=1&category_tag=Tag%3A8678&check_in=2025-07-09&check_out=2025-07-14&children=0&infants=0&pets=0&photo_id=2104395944&source_impression_id=p3_1752048297_P3aBh-dqb83xifDn&previous_page_section_name=1000&federated_search_id=96a528a3-5209-40ef-bb40-7202e5eb31e0
Lambayeque,Lugar para quedarse en Lambayeque,Habitación privada con baño independiente,S/292,por 5 noches,https://www.airbnb.com.pe/rooms/733993943942320440?search_mode=regular_search&adults=1&check_in=2025-07-09&check_out=2025-07-14&children=0&infants=0&pets=0&source_impression_id=p3_1752048297_P3JdzM3Jp4_MIqOp&previous_page_section_name=1000&federated_search_id=96a528a3-5209-40ef-bb40-7202e5eb31e0
Lambayeque,Alojamiento en Lambayeque,Duplex con Jacuzzi y Gym Privado,"S/2,343",por 5 noches,https://www.airbnb.com.pe/rooms/1318647570089377226?search_mode=regular_search&adults=1&check_in=2025-07-11&check_out=2025-07-16&children=0&infants=0&pets=0&source_impression_id=p3_1752048297_P3salEn3aHQP0qZe&previous_page_section_name=1000&federated_search_id=96a528a3-5209-40ef-bb40-7202e5eb31e0
Lima,Habitación en San Borja,Linda habitación en refugio urbano,S/215,,https://www.airbnb.com.pe/rooms/1142134144946336694?search_mode=regular_search&adults=1&category_tag=Tag%3A8678&check_in=2025-07-09&check_out=2025-07-14&children=0&infants=0&pets=0&photo_id=2042025165&source_impression_id=p3_1752048307_P3s_uCJ-m01aAPpr&previous_page_section_name=1000&federated_search_id=998bd86c-01dd-441f-bdb2-d32ac8ad7676
Lima,Habitación en Lima,Cuarto x Av. Alf Ugarte y Loayza,S/222,por 5 noches,https://www.airbnb.com.pe/rooms/1438463535794707768?search_mode=regular_search&adults=1&category_tag=Tag%3A8678&check_in=2025-07-14&check_out=2025-07-19&children=0&infants=0&pets=0&photo_id=2204389789&source_impression_id=p3_1752048309_P3yzKoRMpv8MudpP&previous_page_section_name=1000&federated_search_id=998bd86c-01dd-441f-bdb2-d32ac8ad7676
Lima,Apartamento en Callao,A 15 min Aeropuerto | Acogedor,S/481,por 5 noches,https://www.airbnb.com.pe/rooms/1448063666689609034?search_mode=regular_search&adults=1&check_in=2025-07-12&check_out=2025-07-17&children=0&infants=0&pets=0&source_impression_id=p3_1752048309_P3Q2WXpipVPT8GAi&previous_page_section_name=1000&federated_search_id=998bd86c-01dd-441f-bdb2-d32ac8ad7676
Lima,Habitación en Lima,"¡Oferta! Habitación con TV, balcón y baño privado",S/409,por 5 noches,https://www.airbnb.com.pe/rooms/1403589490839498110?search_mode=regular_search&adults=1&category_tag=Tag%3A8678&check_in=2025-07-22&check_out=2025-07-27&children=0&infants=0&pets=0&photo_id=2145390694&source_impression_id=p3_1752048309_P3Avh32J5PrzWDzg&previous_page_section_name=1000&federated_search_id=998bd86c-01dd-441f-bdb2-d32ac8ad7676
Lima,Habitación compartida en Lima,Miraflores/6-mixdorm después/BKF,S/201,por 5 noches,https://www.airbnb.com.pe/rooms/1437949175127477141?search_mode=regular_search&adults=1&check_in=2025-07-09&check_out=2025-07-14&children=0&infants=0&pets=0&source_impression_id=p3_1752048309_P32mdcIEjooDFDmK&previous_page_section_name=1000&federated_search_id=998bd86c-01dd-441f-bdb2-d32ac8ad7676
Lima,Loft en Jesús María,Casa azul,S/878,por 5 noches,https://www.airbnb.com.pe/rooms/1306842177007965853?search_mode=regular_search&adults=1&check_in=2025-07-11&check_out=2025-07-16&children=0&infants=0&pets=0&source_impression_id=p3_1752048309_P3jOD-n6fhl4up6J&previous_page_section_name=1000&federated_search_id=998bd86c-01dd-441f-bdb2-d32ac8ad7676
Lima,Apartamento en Jesús María,Lindo apto. en Jesús María limite con San Isidro,S/805,por 5 noches,https://www.airbnb.com.pe/rooms/1236991794652538758?search_mode=regular_search&adults=1&check_in=2025-07-20&check_out=2025-07-25&children=0&infants=0&pets=0&source_impression_id=p3_1752048309_P3gceeQ21iC1Eryz&previous_page_section_name=1000&federated_search_id=998bd86c-01dd-441f-bdb2-d32ac8ad7676
Lima,Apartamento en Jesús María,"Dpto en Estreno | Céntrico, Elegante, Equipado",S/842,por 5 noches,https://www.airbnb.com.pe/rooms/1109106928865234332?search_mode=regular_search&adults=1&check_in=2025-07-28&check_out=2025-08-02&children=0&infants=0&pets=0&source_impression_id=p3_1752048309_P3ig8tnVjVrAQa9S&previous_page_section_name=1000&federated_search_id=998bd86c-01dd-441f-bdb2-d32ac8ad7676
Lima,Habitación en Lima,Bonita habitación en el corazón de Miraflores.,S/314,,https://www.airbnb.com.pe/rooms/1134157735375393629?search_mode=regular_search&adults=1&category_tag=Tag%3A8678&check_in=2025-07-09&check_out=2025-07-14&children=0&infants=0&pets=0&photo_id=1883183803&source_impression_id=p3_1752048309_P3wHJyUsHuOOTdac&previous_page_section_name=1000&federated_search_id=998bd86c-01dd-441f-bdb2-d32ac8ad7676
Lima,Apartamento en San Isidro,Tu escape en Lima con una vista increíble!,S/869,por 5 noches,https://www.airbnb.com.pe/rooms/1385448335811008165?search_mode=regular_search&adults=1&check_in=2025-07-09&check_out=2025-07-14&children=0&infants=0&pets=0&source_impression_id=p3_1752048309_P3fvJaxrfM0arBVE&previous_page_section_name=1000&federated_search_id=998bd86c-01dd-441f-bdb2-d32ac8ad7676
Loreto,Habitación en Iquitos,Habitación Céntrica en Iquitos - Casa Alemi 4,S/273,por 5 noches,https://www.airbnb.com.pe/rooms/1255322094023527878?search_mode=regular_search&adults=1&category_tag=Tag%3A8678&check_in=2025-07-10&check_out=2025-07-15&children=0&infants=0&pets=0&photo_id=2001867227&source_impression_id=p3_1752048318_P35ofmcD-U1VVLO-&previous_page_section_name=1000&federated_search_id=a4911d90-de8c-4410-a117-d65e97805253
Loreto,Apartamento en Iquitos,CamHome,S/524,por 5 noches,https://www.airbnb.com.pe/rooms/1095695360417469106?search_mode=regular_search&adults=1&check_in=2025-07-12&check_out=2025-07-17&children=0&infants=0&pets=0&source_impression_id=p3_1752048321_P3yxe8wdFe8j2CgB&previous_page_section_name=1000&federated_search_id=a4911d90-de8c-4410-a117-d65e97805253
Loreto,Alojamiento en Iquitos,Hermoso departamento con fantástica vista,S/578,por 5 noches,https://www.airbnb.com.pe/rooms/1384453368566330863?search_mode=regular_search&adults=1&check_in=2025-07-16&check_out=2025-07-21&children=0&infants=0&pets=0&source_impression_id=p3_1752048321_P3nyU1S6jvOSdFjY&previous_page_section_name=1000&federated_search_id=a4911d90-de8c-4410-a117-d65e97805253
Loreto,Cabaña en la naturaleza en Iquitos,Cabaña entre arboles frente a lago en plena ciudad,S/665,por 5 noches,https://www.airbnb.com.pe/rooms/1444501352931066540?search_mode=regular_search&adults=1&check_in=2025-07-24&check_out=2025-07-29&children=0&infants=0&pets=0&source_impression_id=p3_1752048321_P3h6qk1yML6j5QLJ&previous_page_section_name=1000&federated_search_id=a4911d90-de8c-4410-a117-d65e97805253
Loreto,Apartamento en Iquitos,Acogedor Apartamento Thadeni aire acondicionado,S/262,,https://www.airbnb.com.pe/rooms/1345691102948452329?search_mode=regular_search&adults=1&check_in=2025-07-09&check_out=2025-07-14&children=0&infants=0&pets=0&source_impression_id=p3_1752048321_P3DVtHI2l4Cr0QW9&previous_page_section_name=1000&federated_search_id=a4911d90-de8c-4410-a117-d65e97805253
Loreto,Apartamento en Iquitos,Apart hotel la rivera.Hotel céntrico/vista al rio,S/840,,https://www.airbnb.com.pe/rooms/1338561169374103249?search_mode=regular_search&adults=1&check_in=2025-07-14&check_out=2025-07-19&children=0&infants=0&pets=0&source_impression_id=p3_1752048321_P3cbq1ojOjtKDlGR&previous_page_section_name=1000&federated_search_id=a4911d90-de8c-4410-a117-d65e97805253
Loreto,Minicasa en Iquitos,Acogedor y Moderno Mini departamento - 201,S/607,por 5 noches,https://www.airbnb.com.pe/rooms/1007493295641318885?search_mode=regular_search&adults=1&check_in=2025-07-19&check_out=2025-07-24&children=0&infants=0&pets=0&source_impression_id=p3_1752048321_P3oFxjom_SqK1mYW&previous_page_section_name=1000&federated_search_id=a4911d90-de8c-4410-a117-d65e97805253
Loreto,Apartamento en Iquitos,Departamento completamente amoblado 1-h con A/C,S/494,por 5 noches,https://www.airbnb.com.pe/rooms/1440254494621296406?search_mode=regular_search&adults=1&check_in=2025-07-12&check_out=2025-07-17&children=0&infants=0&pets=0&source_impression_id=p3_1752048321_P37CL2VvOw35P6NN&previous_page_section_name=1000&federated_search_id=a4911d90-de8c-4410-a117-d65e97805253
Loreto,Apartamento en Iquitos,Departamento amoblado.,S/537,por 5 noches,https://www.airbnb.com.pe/rooms/1224070235967915541?search_mode=regular_search&adults=1&check_in=2025-07-10&check_out=2025-07-15&children=0&infants=0&pets=0&source_impression_id=p3_1752048321_P3pO5rE0q6Y9DvZK&previous_page_section_name=1000&federated_search_id=a4911d90-de8c-4410-a117-d65e97805253
Loreto,Apartamento en Iquitos,Bienvenido a casa; SP,S/613,por 5 noches,https://www.airbnb.com.pe/rooms/1230376203174695549?search_mode=regular_search&adults=1&check_in=2025-07-09&check_out=2025-07-14&children=0&infants=0&pets=0&source_impression_id=p3_1752048321_P3I2QwfpWYqNoh6F&previous_page_section_name=1000&federated_search_id=a4911d90-de8c-4410-a117-d65e97805253
Madre de Dios,Apartamento en Puerto Maldonado,Departamento a 3 cuadras de la plaza principal,S/741,por 5 noches,https://www.airbnb.com.pe/rooms/931341372910007086?search_mode=regular_search&adults=1&check_in=2025-07-13&check_out=2025-07-18&children=0&infants=0&pets=0&source_impression_id=p3_1752048331_P3lcQLJ0foWxlxfI&previous_page_section_name=1000&federated_search_id=e140cf14-99cd-4d45-986c-431d4104bdc6
Madre de Dios,Alojamiento en Puerto Maldonado,Retiro en el Amazonas junto al río – casa privada,S/932,por 5 noches,https://www.airbnb.com.pe/rooms/1444587190716440225?search_mode=regular_search&adults=1&check_in=2025-07-09&check_out=2025-07-14&children=0&infants=0&pets=0&source_impression_id=p3_1752048333_P3T6SOwwkKE0fO1G&previous_page_section_name=1000&federated_search_id=e140cf14-99cd-4d45-986c-431d4104bdc6
Madre de Dios,Lugar para quedarse en Puerto Maldonado,koryares haushostel,S/374,,https://www.airbnb.com.pe/rooms/675536888497275105?search_mode=regular_search&adults=1&check_in=2025-07-09&check_out=2025-07-14&children=0&infants=0&pets=0&source_impression_id=p3_1752048333_P3Xcs4yCEnjUfxE0&previous_page_section_name=1000&federated_search_id=e140cf14-99cd-4d45-986c-431d4104bdc6
Madre de Dios,Habitación en Puerto Maldonado,"Habitación espaciosa, segura y limpia",S/412,por 5 noches,https://www.airbnb.com.pe/rooms/22760700?search_mode=regular_search&adults=1&category_tag=Tag%3A8678&check_in=2025-07-09&check_out=2025-07-14&children=0&infants=0&pets=0&photo_id=511696336&source_impression_id=p3_1752048333_P3B15zqUGAEUy5tP&previous_page_section_name=1000&federated_search_id=e140cf14-99cd-4d45-986c-431d4104bdc6
Madre de Dios,Hotel en Puerto Maldonado,Hospedaje,S/284,por 5 noches,https://www.airbnb.com.pe/rooms/1450342455865484559?search_mode=regular_search&adults=1&check_in=2025-07-09&check_out=2025-07-14&children=0&infants=0&pets=0&source_impression_id=p3_1752048333_P3urJ_RXHsRi7zHv&previous_page_section_name=1000&federated_search_id=e140cf14-99cd-4d45-986c-431d4104bdc6
Madre de Dios,Habitación en Puerto Maldonado,Acogedora casa rodeada de naturaleza,S/469,por 5 noches,https://www.airbnb.com.pe/rooms/705828953067676632?search_mode=regular_search&adults=1&category_tag=Tag%3A8678&check_in=2025-07-09&check_out=2025-07-14&children=0&infants=0&pets=0&photo_id=1482133033&source_impression_id=p3_1752048333_P3evPYlRDgPrHXXn&previous_page_section_name=1000&federated_search_id=e140cf14-99cd-4d45-986c-431d4104bdc6
Madre de Dios,Hostal en Puerto Maldonado,Hospedaje Don Marco - PEM,S/292,por 5 noches,https://www.airbnb.com.pe/rooms/1414551855484248543?search_mode=regular_search&adults=1&check_in=2025-07-10&check_out=2025-07-15&children=0&infants=0&pets=0&source_impression_id=p3_1752048333_P3B5PjFKPFsOyESZ&previous_page_section_name=1000&federated_search_id=e140cf14-99cd-4d45-986c-431d4104bdc6
Madre de Dios,Apartamento en Puerto Maldonado,Departamento con aire acondicionado,S/735,por 5 noches,https://www.airbnb.com.pe/rooms/567263826878080562?search_mode=regular_search&adults=1&check_in=2025-07-29&check_out=2025-08-03&children=0&infants=0&pets=0&source_impression_id=p3_1752048333_P3jXXhlcknqwfxlW&previous_page_section_name=1000&federated_search_id=e140cf14-99cd-4d45-986c-431d4104bdc6
Madre de Dios,Habitación en Puerto Maldonado,Habitación Acogedora,S/350,por 5 noches,https://www.airbnb.com.pe/rooms/1061022200201137913?search_mode=regular_search&adults=1&category_tag=Tag%3A8678&check_in=2025-07-09&check_out=2025-07-14&children=0&infants=0&pets=0&photo_id=1812961362&source_impression_id=p3_1752048333_P3cY9vz7MuBBU6iO&previous_page_section_name=1000&federated_search_id=e140cf14-99cd-4d45-986c-431d4104bdc6
Madre de Dios,Lugar para quedarse en Puerto Maldonado,Habitación Privada en Cabaña con cocina compartida,S/381,por 5 noches,https://www.airbnb.com.pe/rooms/42313198?search_mode=regular_search&adults=1&check_in=2025-07-12&check_out=2025-07-17&children=0&infants=0&pets=0&source_impression_id=p3_1752048333_P3NwfyyzrEeNy5ZU&previous_page_section_name=1000&federated_search_id=e140cf14-99cd-4d45-986c-431d4104bdc6
Moquegua,Apartamento en Ilo,"Mini departamento en Ilo, Moquegua",S/467,por 5 noches,https://www.airbnb.com.pe/rooms/1411634013424059136?search_mode=regular_search&adults=1&check_in=2025-07-09&check_out=2025-07-14&children=0&infants=0&pets=0&source_impression_id=p3_1752048343_P3aSHggLcTlpQi0n&previous_page_section_name=1000&federated_search_id=9e144d8d-3ec0-4007-9532-a7e36078bb69
Moquegua,Apartamento en Pacocha,Acogedor departamento de estreno,S/741,por 5 noches,https://www.airbnb.com.pe/rooms/879599995283461946?search_mode=regular_search&adults=1&check_in=2025-07-13&check_out=2025-07-18&children=0&infants=0&pets=0&source_impression_id=p3_1752048345_P3lIZQO1trFNPnXo&previous_page_section_name=1000&federated_search_id=9e144d8d-3ec0-4007-9532-a7e36078bb69
Moquegua,Apartamento en Ilo,Moderno departamento Céntrico,S/584,por 5 noches,https://www.airbnb.com.pe/rooms/1268467725194663816?search_mode=regular_search&adults=1&check_in=2025-07-09&check_out=2025-07-14&children=0&infants=0&pets=0&source_impression_id=p3_1752048345_P3IbJWUzu2qGop64&previous_page_section_name=1000&federated_search_id=9e144d8d-3ec0-4007-9532-a7e36078bb69
Moquegua,Apartamento en Pacocha,Departamento en Ilo - Estacionamiento Gratuito,S/683,por 5 noches,https://www.airbnb.com.pe/rooms/1058250629408855460?search_mode=regular_search&adults=1&check_in=2025-07-09&check_out=2025-07-14&children=0&infants=0&pets=0&source_impression_id=p3_1752048345_P354IoxghRxrlfZy&previous_page_section_name=1000&federated_search_id=9e144d8d-3ec0-4007-9532-a7e36078bb69
Moquegua,Apartamento en Pacocha,"Departamento en Ilo, 1er piso y vista al mar.",S/527,por 5 noches,https://www.airbnb.com.pe/rooms/1329846519963908768?search_mode=regular_search&adults=1&check_in=2025-07-10&check_out=2025-07-15&children=0&infants=0&pets=0&source_impression_id=p3_1752048345_P3dzUhdFtWxOCFur&previous_page_section_name=1000&federated_search_id=9e144d8d-3ec0-4007-9532-a7e36078bb69
Moquegua,Alojamiento en Ilo,La casa de Giovi,S/671,por 5 noches,https://www.airbnb.com.pe/rooms/1293383380557511923?search_mode=regular_search&adults=1&check_in=2025-07-09&check_out=2025-07-14&children=0&infants=0&pets=0&source_impression_id=p3_1752048345_P3NatODoueMFWd4P&previous_page_section_name=1000&federated_search_id=9e144d8d-3ec0-4007-9532-a7e36078bb69
Moquegua,Apartamento en Ilo,1er PISO-Departamento con cochera Ilo-Ciudad Nueva,S/683,por 5 noches,https://www.airbnb.com.pe/rooms/791383850955075551?search_mode=regular_search&adults=1&check_in=2025-07-14&check_out=2025-07-19&children=0&infants=0&pets=0&source_impression_id=p3_1752048345_P3N15LVBzqyKUC0c&previous_page_section_name=1000&federated_search_id=9e144d8d-3ec0-4007-9532-a7e36078bb69
Moquegua,Apartamento en Pacocha,Acogedor Departamento en Ilo con estacionamiento,S/753,por 5 noches,https://www.airbnb.com.pe/rooms/1278349274697946902?search_mode=regular_search&adults=1&check_in=2025-07-09&check_out=2025-07-14&children=0&infants=0&pets=0&source_impression_id=p3_1752048345_P3RYYkJNErzvYPh9&previous_page_section_name=1000&federated_search_id=9e144d8d-3ec0-4007-9532-a7e36078bb69
Moquegua,Apartamento en Ilo,Departamento de estreno y céntrico en Ilo 3H 2B,S/866,por 5 noches,https://www.airbnb.com.pe/rooms/946452135743125470?search_mode=regular_search&adults=1&check_in=2025-07-12&check_out=2025-07-17&children=0&infants=0&pets=0&source_impression_id=p3_1752048345_P3wG-aLdgZvCF7JT&previous_page_section_name=1000&federated_search_id=9e144d8d-3ec0-4007-9532-a7e36078bb69
Moquegua,Apartamento en Ilo,"Departamento de Estreno, amoblado y céntrico 1H 1B",S/455,por 5 noches,https://www.airbnb.com.pe/rooms/967483329198511553?search_mode=regular_search&adults=1&check_in=2025-07-12&check_out=2025-07-17&children=0&infants=0&pets=0&source_impression_id=p3_1752048345_P3unGQjFbfYLEM6L&previous_page_section_name=1000&federated_search_id=9e144d8d-3ec0-4007-9532-a7e36078bb69
Pasco,Alojamiento en Oxapampa,Casa familiar en Oxapampa,S/525,por 5 noches,https://www.airbnb.com.pe/rooms/1376401241804488311?search_mode=regular_search&adults=1&check_in=2025-07-10&check_out=2025-07-15&children=0&infants=0&pets=0&source_impression_id=p3_1752048355_P3VfaFJbPmB06YMR&previous_page_section_name=1000&federated_search_id=502b5eb8-5cd7-4218-973c-43c28d14629a
Pasco,Minicasa en Oxapampa,"Lucky Lodge - Piscina, fogata. A 7 minutos del centro.",S/957,por 5 noches,https://www.airbnb.com.pe/rooms/1421014276498062163?search_mode=regular_search&adults=1&check_in=2025-07-13&check_out=2025-07-18&children=0&infants=0&pets=0&source_impression_id=p3_1752048357_P3AOpH9vL9JdWUvd&previous_page_section_name=1000&federated_search_id=502b5eb8-5cd7-4218-973c-43c28d14629a
Pasco,Cabaña en Oxapampa,casa en el bosque,"S/1,377",por 5 noches,https://www.airbnb.com.pe/rooms/1398900952505522846?search_mode=regular_search&adults=1&check_in=2025-08-24&check_out=2025-08-29&children=0&infants=0&pets=0&source_impression_id=p3_1752048357_P3nHumj5qvRfFlbo&previous_page_section_name=1000&federated_search_id=502b5eb8-5cd7-4218-973c-43c28d14629a
Pasco,Cabaña en Chontabamba,Monte Cherom: cabaña Motmot en el bosque de nubes,"S/2,042",por 5 noches,https://www.airbnb.com.pe/rooms/1211722451538826881?search_mode=regular_search&adults=1&check_in=2025-08-08&check_out=2025-08-13&children=0&infants=0&pets=0&source_impression_id=p3_1752048357_P3UD1BZ7Y75BkH4f&previous_page_section_name=1000&federated_search_id=502b5eb8-5cd7-4218-973c-43c28d14629a
Pasco,Lugar para quedarse en Oxapampa,Elegancia Matrimonial en el Centro Urbano (-25%),S/299,por 5 noches,https://www.airbnb.com.pe/rooms/947009526605474873?search_mode=regular_search&adults=1&check_in=2025-07-14&check_out=2025-07-19&children=0&infants=0&pets=0&source_impression_id=p3_1752048357_P3SLqz2E0P7YcFYq&previous_page_section_name=1000&federated_search_id=502b5eb8-5cd7-4218-973c-43c28d14629a
Pasco,Habitación en Oxapampa,El Punto Oxapampino!,S/335,,https://www.airbnb.com.pe/rooms/1209437967771933484?search_mode=regular_search&adults=1&category_tag=Tag%3A8678&check_in=2025-07-11&check_out=2025-07-16&children=0&infants=0&pets=0&photo_id=2143672944&source_impression_id=p3_1752048357_P3acchOYbNz0AP_l&previous_page_section_name=1000&federated_search_id=502b5eb8-5cd7-4218-973c-43c28d14629a
Pasco,Cabaña en Oxapampa,"Cabaña para 7 personas. Piscina, parrilla, fogata","S/1,382",,https://www.airbnb.com.pe/rooms/697845905326842678?search_mode=regular_search&adults=1&check_in=2025-07-09&check_out=2025-07-14&children=0&infants=0&pets=0&source_impression_id=p3_1752048357_P3kufgxYDDfrJCiN&previous_page_section_name=1000&federated_search_id=502b5eb8-5cd7-4218-973c-43c28d14629a
Pasco,Minicasa en Chontabamba,"Fundo crespo, MINI 1",S/755,por 5 noches,https://www.airbnb.com.pe/rooms/1425000860324945895?search_mode=regular_search&adults=1&check_in=2025-07-09&check_out=2025-07-14&children=0&infants=0&pets=0&source_impression_id=p3_1752048357_P39oM3rMD27gJNHV&previous_page_section_name=1000&federated_search_id=502b5eb8-5cd7-4218-973c-43c28d14629a
Pasco,Apartamento en Oxapampa,"Minidepa Minimalista, cocina, vista valle Oxapampa",S/589,,https://www.airbnb.com.pe/rooms/1127700751869015067?search_mode=regular_search&adults=1&check_in=2025-07-13&check_out=2025-07-18&children=0&infants=0&pets=0&source_impression_id=p3_1752048357_P3CihARuoK4BSrzR&previous_page_section_name=1000&federated_search_id=502b5eb8-5cd7-4218-973c-43c28d14629a
Pasco,Alojamiento en Chontabamba,Casa de campo Oro Verde Oxapampa,S/467,por 5 noches,https://www.airbnb.com.pe/rooms/853795558836753049?search_mode=regular_search&adults=1&check_in=2025-08-22&check_out=2025-08-27&children=0&infants=0&pets=0&source_impression_id=p3_1752048357_P3tbBAbVKoePfoVh&previous_page_section_name=1000&federated_search_id=502b5eb8-5cd7-4218-973c-43c28d14629a
Piura,Apartamento en Piura,Centro de Piura,S/260,por 5 noches,https://www.airbnb.com.pe/rooms/1438443770961746927?search_mode=regular_search&adults=1&check_in=2025-07-11&check_out=2025-07-16&children=0&infants=0&pets=0&source_impression_id=p3_1752048367_P37aet0Q4yMB7eND&previous_page_section_name=1000&federated_search_id=075e6265-1a87-4084-97a4-7c0f9690a180
Piura,Apartamento en Piura,Luz de arena Piura,S/625,por 5 noches,https://www.airbnb.com.pe/rooms/1402841155669277587?search_mode=regular_search&adults=1&check_in=2025-07-10&check_out=2025-07-15&children=0&infants=0&pets=0&source_impression_id=p3_1752048368_P3N0s7Z2T_KIbAJg&previous_page_section_name=1000&federated_search_id=075e6265-1a87-4084-97a4-7c0f9690a180
Piura,Apartamento en Piura,Enbelle Home! ¡Exclusivo! Departamento + Piscina,S/695,,https://www.airbnb.com.pe/rooms/1390040489587112657?search_mode=regular_search&adults=1&check_in=2025-07-11&check_out=2025-07-16&children=0&infants=0&pets=0&source_impression_id=p3_1752048368_P3q8KrNjwPxmX4Ad&previous_page_section_name=1000&federated_search_id=075e6265-1a87-4084-97a4-7c0f9690a180
Piura,Apartamento en Piura,Casa Serena I - Tu refugio en Piura,S/610,por 5 noches,https://www.airbnb.com.pe/rooms/1396524890229988954?search_mode=regular_search&adults=1&check_in=2025-07-18&check_out=2025-07-23&children=0&infants=0&pets=0&source_impression_id=p3_1752048369_P3RwnZdeZaox6Mgh&previous_page_section_name=1000&federated_search_id=075e6265-1a87-4084-97a4-7c0f9690a180
Piura,Apartamento en Piura,Relájate en Piura: estudio y cochera privada,S/617,,https://www.airbnb.com.pe/rooms/1043555729683772538?search_mode=regular_search&adults=1&check_in=2025-07-14&check_out=2025-07-19&children=0&infants=0&pets=0&source_impression_id=p3_1752048369_P3F3t6icFRVFrxl2&previous_page_section_name=1000&federated_search_id=075e6265-1a87-4084-97a4-7c0f9690a180
Piura,Condo en Piura,"Departamento de estreno, 3hab,A/C,Piscina y gym",S/853,por 5 noches,https://www.airbnb.com.pe/rooms/1302384049416898431?search_mode=regular_search&adults=1&check_in=2025-07-09&check_out=2025-07-14&children=0&infants=0&pets=0&source_impression_id=p3_1752048369_P3PRnudrxjjNMSDU&previous_page_section_name=1000&federated_search_id=075e6265-1a87-4084-97a4-7c0f9690a180
Piura,Alojamiento en Piura,Apartamento Zona Céntrica de Piura,S/317,por 5 noches,https://www.airbnb.com.pe/rooms/1406704234783188713?search_mode=regular_search&adults=1&check_in=2025-07-19&check_out=2025-07-24&children=0&infants=0&pets=0&source_impression_id=p3_1752048369_P3lb0243J2CG33RC&previous_page_section_name=1000&federated_search_id=075e6265-1a87-4084-97a4-7c0f9690a180
Piura,Alojamiento en Piura,Habitación con vista a la calle,S/283,por 5 noches,https://www.airbnb.com.pe/rooms/1379819161799244833?search_mode=regular_search&adults=1&check_in=2025-07-09&check_out=2025-07-14&children=0&infants=0&pets=0&source_impression_id=p3_1752048369_P3NxmMDgfJT_buYS&previous_page_section_name=1000&federated_search_id=075e6265-1a87-4084-97a4-7c0f9690a180
Piura,Apartamento en Piura,Moderno dpto con Aire Acondicionado,S/634,por 5 noches,https://www.airbnb.com.pe/rooms/1069524682896973657?search_mode=regular_search&adults=1&check_in=2025-07-19&check_out=2025-07-24&children=0&infants=0&pets=0&source_impression_id=p3_1752048369_P3OOq43K9LFxJEoH&previous_page_section_name=1000&federated_search_id=075e6265-1a87-4084-97a4-7c0f9690a180
Piura,Apartamento en Piura,Apartamento en Piura con aire acondicionado,S/639,por 5 noches,https://www.airbnb.com.pe/rooms/1356774001114093827?search_mode=regular_search&adults=1&check_in=2025-07-12&check_out=2025-07-17&children=0&infants=0&pets=0&source_impression_id=p3_1752048369_P3KGrcleq9UML6Zt&previous_page_section_name=1000&federated_search_id=075e6265-1a87-4084-97a4-7c0f9690a180
Puno,Apartamento en Puno,“Tu refugio moderno y cómodo”,S/363,por 5 noches,https://www.airbnb.com.pe/rooms/1440178082335672465?search_mode=regular_search&adults=1&check_in=2025-07-09&check_out=2025-07-14&children=0&infants=0&pets=0&source_impression_id=p3_1752048379_P3HBdvj8J70YlylH&previous_page_section_name=1000&federated_search_id=7ab3e336-4a39-45c6-9a21-05256e27221f
Puno,Apartamento en Puno,Habitación Independiente en Puno - (Céntrico),S/450,por 5 noches,https://www.airbnb.com.pe/rooms/1429803053261802780?search_mode=regular_search&adults=1&check_in=2025-07-09&check_out=2025-07-14&children=0&infants=0&pets=0&source_impression_id=p3_1752048381_P3bu3syaUkY62Exp&previous_page_section_name=1000&federated_search_id=7ab3e336-4a39-45c6-9a21-05256e27221f
Puno,Apartamento en Puno,La Posada de Mary,S/292,por 5 noches,https://www.airbnb.com.pe/rooms/1109377297910655374?search_mode=regular_search&adults=1&check_in=2025-07-10&check_out=2025-07-15&children=0&infants=0&pets=0&source_impression_id=p3_1752048381_P3bwavccPPUZvG-o&previous_page_section_name=1000&federated_search_id=7ab3e336-4a39-45c6-9a21-05256e27221f
Puno,Apartamento en Puno,Departamento acogedor en Puno,S/350,por 5 noches,https://www.airbnb.com.pe/rooms/1367593479090405775?search_mode=regular_search&adults=1&check_in=2025-07-09&check_out=2025-07-14&children=0&infants=0&pets=0&source_impression_id=p3_1752048381_P3f195gpvCMUA4XF&previous_page_section_name=1000&federated_search_id=7ab3e336-4a39-45c6-9a21-05256e27221f
Puno,Apartamento en Puno,Apartamento Puno,S/361,por 5 noches,https://www.airbnb.com.pe/rooms/1446344352721876493?search_mode=regular_search&adults=1&check_in=2025-07-15&check_out=2025-07-20&children=0&infants=0&pets=0&source_impression_id=p3_1752048381_P3Xiz90KIW7jTQB9&previous_page_section_name=1000&federated_search_id=7ab3e336-4a39-45c6-9a21-05256e27221f
Puno,Apartamento en Puno,Mini departamento acogedor de estreno,S/513,por 5 noches,https://www.airbnb.com.pe/rooms/1369047603830716565?search_mode=regular_search&adults=1&check_in=2025-07-16&check_out=2025-07-21&children=0&infants=0&pets=0&source_impression_id=p3_1752048381_P3JLMINm4ZLMzxYl&previous_page_section_name=1000&federated_search_id=7ab3e336-4a39-45c6-9a21-05256e27221f
Puno,Apartamento en Puno,"Mini Apartamento Full Amoblado, Puno.",S/384,por 5 noches,https://www.airbnb.com.pe/rooms/1407186513161063743?search_mode=regular_search&adults=1&check_in=2025-07-09&check_out=2025-07-14&children=0&infants=0&pets=0&source_impression_id=p3_1752048381_P3DqcqzmEYvMmeg7&previous_page_section_name=1000&federated_search_id=7ab3e336-4a39-45c6-9a21-05256e27221f
Puno,Habitación en Puno,Habitación equipada 403,S/259,por 5 noches,https://www.airbnb.com.pe/rooms/1384405567955076242?search_mode=regular_search&adults=1&category_tag=Tag%3A8678&check_in=2025-07-09&check_out=2025-07-14&children=0&infants=0&pets=0&photo_id=2116447921&source_impression_id=p3_1752048381_P3_JjBIeglkMCG9Z&previous_page_section_name=1000&federated_search_id=7ab3e336-4a39-45c6-9a21-05256e27221f
Puno,Apartamento en Puno,Departamento de estreno,S/467,,https://www.airbnb.com.pe/rooms/1458990497710291780?search_mode=regular_search&adults=1&check_in=2025-07-09&check_out=2025-07-14&children=0&infants=0&pets=0&source_impression_id=p3_1752048381_P3ge0shjuI0bK2cY&previous_page_section_name=1000&federated_search_id=7ab3e336-4a39-45c6-9a21-05256e27221f
Puno,Apartamento en Puno,Hermoso departamento en Puno,S/446,por 5 noches,https://www.airbnb.com.pe/rooms/1325649545012806573?search_mode=regular_search&adults=1&check_in=2025-07-09&check_out=2025-07-14&children=0&infants=0&pets=0&source_impression_id=p3_1752048381_P3gII7By0ecbNGNG&previous_page_section_name=1000&federated_search_id=7ab3e336-4a39-45c6-9a21-05256e27221f
San Martín,Apartamento en Tarapoto,Mini depa en zona céntrica Tarapoto monoambiente,S/415,por 5 noches,https://www.airbnb.com.pe/rooms/1173287052308198140?search_mode=regular_search&adults=1&check_in=2025-07-28&check_out=2025-08-02&children=0&infants=0&pets=0&source_impression_id=p3_1752048391_P3r47S1cNp5puZie&previous_page_section_name=1000&federated_search_id=db9634d2-5b51-426f-9e1b-399e7bf83b9a
San Martín,Apartamento en Tarapoto,Tranquilo y céntrico departamento,S/406,por 5 noches,https://www.airbnb.com.pe/rooms/1431853618949882447?search_mode=regular_search&adults=1&check_in=2025-07-14&check_out=2025-07-19&children=0&infants=0&pets=0&source_impression_id=p3_1752048394_P3fRQHn_wFmM31uF&previous_page_section_name=1000&federated_search_id=db9634d2-5b51-426f-9e1b-399e7bf83b9a
San Martín,Apartamento en Tarapoto,Terraza con vista panorámica,S/632,por 5 noches,https://www.airbnb.com.pe/rooms/1447153363736910789?search_mode=regular_search&adults=1&check_in=2025-07-09&check_out=2025-07-14&children=0&infants=0&pets=0&source_impression_id=p3_1752048394_P3eQAb3XZO6zRqte&previous_page_section_name=1000&federated_search_id=db9634d2-5b51-426f-9e1b-399e7bf83b9a
San Martín,Habitación en Tarapoto,Casa Tesoro Selva Room,S/350,por 5 noches,https://www.airbnb.com.pe/rooms/1016156417797147688?search_mode=regular_search&adults=1&category_tag=Tag%3A8678&check_in=2025-07-11&check_out=2025-07-16&children=0&infants=0&pets=0&photo_id=1772465145&source_impression_id=p3_1752048394_P3p2qnAQXEJE9uSE&previous_page_section_name=1000&federated_search_id=db9634d2-5b51-426f-9e1b-399e7bf83b9a
San Martín,Apartamento en Tarapoto,Mini Depa Helechito,S/642,por 5 noches,https://www.airbnb.com.pe/rooms/1013262914597462355?search_mode=regular_search&adults=1&check_in=2025-07-09&check_out=2025-07-14&children=0&infants=0&pets=0&source_impression_id=p3_1752048394_P3mJ-4iBmlrpJMiW&previous_page_section_name=1000&federated_search_id=db9634d2-5b51-426f-9e1b-399e7bf83b9a
San Martín,Lugar para quedarse en Tarapoto,Hab. a 6 cuadras de plaza Tarapoto/con friobar,S/315,por 5 noches,https://www.airbnb.com.pe/rooms/1081272543148990699?search_mode=regular_search&adults=1&check_in=2025-07-09&check_out=2025-07-14&children=0&infants=0&pets=0&source_impression_id=p3_1752048394_P3v6B1BRDXlLQr-E&previous_page_section_name=1000&federated_search_id=db9634d2-5b51-426f-9e1b-399e7bf83b9a
San Martín,Habitación en Tarapoto,Habitación privada con cocina común - 201,S/228,por 5 noches,https://www.airbnb.com.pe/rooms/1312452094228875159?search_mode=regular_search&adults=1&category_tag=Tag%3A8678&check_in=2025-07-17&check_out=2025-07-22&children=0&infants=0&pets=0&photo_id=2088260407&source_impression_id=p3_1752048394_P3mslL2bhc6o0OGT&previous_page_section_name=1000&federated_search_id=db9634d2-5b51-426f-9e1b-399e7bf83b9a
San Martín,Apartamento en Tarapoto,CASA MONA 2 - Apartamento en Tarapoto,S/875,por 5 noches,https://www.airbnb.com.pe/rooms/1000551857610586841?search_mode=regular_search&adults=1&check_in=2025-07-09&check_out=2025-07-14&children=0&infants=0&pets=0&source_impression_id=p3_1752048394_P3oyz7IjlfoJvQWA&previous_page_section_name=1000&federated_search_id=db9634d2-5b51-426f-9e1b-399e7bf83b9a
San Martín,Apartamento en Tarapoto,Departamento con aire acondicionado,S/759,por 5 noches,https://www.airbnb.com.pe/rooms/1217545367201012779?search_mode=regular_search&adults=1&check_in=2025-07-09&check_out=2025-07-14&children=0&infants=0&pets=0&source_impression_id=p3_1752048394_P30p35a9GfE1D_YG&previous_page_section_name=1000&federated_search_id=db9634d2-5b51-426f-9e1b-399e7bf83b9a
San Martín,Casa de huéspedes en Tarapoto,Varu House Cama Queen (a 3 calles de la plaza),S/500,por 5 noches,https://www.airbnb.com.pe/rooms/1314119404349517413?search_mode=regular_search&adults=1&check_in=2025-07-12&check_out=2025-07-17&children=0&infants=0&pets=0&source_impression_id=p3_1752048394_P340DA-4s0_8YBvo&previous_page_section_name=1000&federated_search_id=db9634d2-5b51-426f-9e1b-399e7bf83b9a
Tacna,Apartamento en Tacna,Departamento en Tacna,S/592,por 5 noches,https://www.airbnb.com.pe/rooms/1439474432483489328?search_mode=regular_search&adults=1&check_in=2025-07-09&check_out=2025-07-14&children=0&infants=0&pets=0&source_impression_id=p3_1752048403_P3OMU3ipaAO2zP-g&previous_page_section_name=1000&federated_search_id=abfb6341-342a-4aa6-af66-03e264536ad8
Tacna,Apartamento en Tacna,Moderno ambiente Centro de Tacna 301,S/427,por 5 noches,https://www.airbnb.com.pe/rooms/1363224273981622369?search_mode=regular_search&adults=1&check_in=2025-07-09&check_out=2025-07-14&children=0&infants=0&pets=0&source_impression_id=p3_1752048406_P36F5UunQf7jY9A2&previous_page_section_name=1000&federated_search_id=abfb6341-342a-4aa6-af66-03e264536ad8
Tacna,Apartamento en Tacna,Moderno apartamento en el Centro de Tacna 201,S/467,por 5 noches,https://www.airbnb.com.pe/rooms/1352887522511435045?search_mode=regular_search&adults=1&check_in=2025-07-15&check_out=2025-07-20&children=0&infants=0&pets=0&source_impression_id=p3_1752048406_P3ODfLj5VUEuU1rO&previous_page_section_name=1000&federated_search_id=abfb6341-342a-4aa6-af66-03e264536ad8
Tacna,Apartamento en Tacna,Estancia Acogedora en Tacna,S/388,por 5 noches,https://www.airbnb.com.pe/rooms/1379046011885357135?search_mode=regular_search&adults=1&check_in=2025-08-11&check_out=2025-08-16&children=0&infants=0&pets=0&source_impression_id=p3_1752048406_P3v8CfhgjD5C9vhu&previous_page_section_name=1000&federated_search_id=abfb6341-342a-4aa6-af66-03e264536ad8
Tacna,Apartamento en Tacna,Cómodo apartamento en el Centro de Tacna 033,S/507,por 5 noches,https://www.airbnb.com.pe/rooms/1376096928718886867?search_mode=regular_search&adults=1&check_in=2025-07-09&check_out=2025-07-14&children=0&infants=0&pets=0&source_impression_id=p3_1752048406_P3uDeU1v1iQJ72nR&previous_page_section_name=1000&federated_search_id=abfb6341-342a-4aa6-af66-03e264536ad8
Tacna,Condo en Tacna,Hermoso departamento en condominio,S/572,,https://www.airbnb.com.pe/rooms/696505690292812264?search_mode=regular_search&adults=1&check_in=2025-07-10&check_out=2025-07-15&children=0&infants=0&pets=0&source_impression_id=p3_1752048406_P3gRzga0d-BK3Pq9&previous_page_section_name=1000&federated_search_id=abfb6341-342a-4aa6-af66-03e264536ad8
Tacna,Apartamento en Tacna,Departamento de 2 dormitorios: Escapa de la rutina,S/759,por 5 noches,https://www.airbnb.com.pe/rooms/1418492510553262543?search_mode=regular_search&adults=1&check_in=2025-07-17&check_out=2025-07-22&children=0&infants=0&pets=0&source_impression_id=p3_1752048406_P38YlY-81ItTetnD&previous_page_section_name=1000&federated_search_id=abfb6341-342a-4aa6-af66-03e264536ad8
Tacna,Apartamento en Tacna,"Depa con cochera, terraza y lavanderia",S/563,por 5 noches,https://www.airbnb.com.pe/rooms/1431206176434470501?search_mode=regular_search&adults=1&check_in=2025-07-09&check_out=2025-07-14&children=0&infants=0&pets=0&source_impression_id=p3_1752048406_P3Z9IVokSobiBYKC&previous_page_section_name=1000&federated_search_id=abfb6341-342a-4aa6-af66-03e264536ad8
Tacna,Apartamento en Tacna,"Casa Izarza Apt 2 habitaciones, Cochera",S/584,por 5 noches,https://www.airbnb.com.pe/rooms/1377785698322735643?search_mode=regular_search&adults=1&check_in=2025-07-13&check_out=2025-07-18&children=0&infants=0&pets=0&source_impression_id=p3_1752048406_P3U_QRfqtHSqORth&previous_page_section_name=1000&federated_search_id=abfb6341-342a-4aa6-af66-03e264536ad8
Tacna,Apartamento en Tacna,Mono Ambiente cochera / terraza,S/555,por 5 noches,https://www.airbnb.com.pe/rooms/1437793846441321375?search_mode=regular_search&adults=1&check_in=2025-07-14&check_out=2025-07-19&children=0&infants=0&pets=0&source_impression_id=p3_1752048406_P3EsIXcmuxDb5KLQ&previous_page_section_name=1000&federated_search_id=abfb6341-342a-4aa6-af66-03e264536ad8
Tumbes,Condo en Punta Sal,El Refugio bungalow 2 en 1er piso,S/765,,https://www.airbnb.com.pe/rooms/34548793?search_mode=regular_search&adults=1&check_in=2025-07-10&check_out=2025-07-15&children=0&infants=0&pets=0&source_impression_id=p3_1752048416_P3i4mcZXastlMQ5t&previous_page_section_name=1000&federated_search_id=05829aae-8506-4618-a522-f21b86b8e144
Tumbes,Apartamento en Punta Sal,Dulce Vista al mar: Depa Moderno 2-habitaciones,"S/1,594",,https://www.airbnb.com.pe/rooms/969500988773146041?search_mode=regular_search&adults=1&check_in=2025-07-30&check_out=2025-08-04&children=0&infants=0&pets=0&source_impression_id=p3_1752048418_P3gB87CpyWskcqPn&previous_page_section_name=1000&federated_search_id=05829aae-8506-4618-a522-f21b86b8e144
Tumbes,Bungalow en Canoas de Punta Sal,Bungalow Guaju,"S/1,984",por 5 noches,https://www.airbnb.com.pe/rooms/636281875082971993?search_mode=regular_search&adults=1&check_in=2025-07-13&check_out=2025-07-18&children=0&infants=0&pets=0&source_impression_id=p3_1752048418_P3WiwnEoSSwO8EgX&previous_page_section_name=1000&federated_search_id=05829aae-8506-4618-a522-f21b86b8e144
Tumbes,Apartamento en Punta Sal,« Dulce Estudio Cerca del Mar » Full Internet/AC,"S/1,175",por 5 noches,https://www.airbnb.com.pe/rooms/1118851553972876212?search_mode=regular_search&adults=1&check_in=2025-08-03&check_out=2025-08-08&children=0&infants=0&pets=0&source_impression_id=p3_1752048418_P36qeDXg7HFxM5cy&previous_page_section_name=1000&federated_search_id=05829aae-8506-4618-a522-f21b86b8e144
Tumbes,Villa en Punta Sal,Punta Sal Luxury Beachfront Villa: Casa Palo Santo,"S/6,854",por 5 noches,https://www.airbnb.com.pe/rooms/1133852792194061089?search_mode=regular_search&adults=1&check_in=2025-08-24&check_out=2025-08-29&children=0&infants=0&pets=0&source_impression_id=p3_1752048418_P3nl6qrbJ01Xi9Pk&previous_page_section_name=1000&federated_search_id=05829aae-8506-4618-a522-f21b86b8e144
Tumbes,Condo en Punta Sal,"El Refugio Bungalow #4 ,2do piso vista al mar",S/765,,https://www.airbnb.com.pe/rooms/36833375?search_mode=regular_search&adults=1&check_in=2025-07-11&check_out=2025-07-16&children=0&infants=0&pets=0&source_impression_id=p3_1752048418_P3530yXz-5580aHx&previous_page_section_name=1000&federated_search_id=05829aae-8506-4618-a522-f21b86b8e144
Tumbes,Alojamiento en Punta Sal,« Hermosa Casa frente al mar-A pasos de la playa »,"S/3,325",por 5 noches,https://www.airbnb.com.pe/rooms/1207898501538987106?search_mode=regular_search&adults=1&check_in=2025-07-09&check_out=2025-07-14&children=0&infants=0&pets=0&source_impression_id=p3_1752048418_P3kYfbzzDDB_yp2T&previous_page_section_name=1000&federated_search_id=05829aae-8506-4618-a522-f21b86b8e144
Tumbes,Cabaña en Canoas de Punta Sal,Ribera del Norte | Bungalow familiar c/Piscina,"S/2,460",por 5 noches,https://www.airbnb.com.pe/rooms/1449321145754116140?search_mode=regular_search&adults=1&check_in=2025-07-09&check_out=2025-07-14&children=0&infants=0&pets=0&source_impression_id=p3_1752048418_P3Ae1L7YxxWNlMPn&previous_page_section_name=1000&federated_search_id=05829aae-8506-4618-a522-f21b86b8e144
Tumbes,Casa de huéspedes en Punta Sal,Hab familiar en Punta Sal !,S/905,por 5 noches,https://www.airbnb.com.pe/rooms/1320289995259301533?search_mode=regular_search&adults=1&check_in=2025-07-09&check_out=2025-07-14&children=0&infants=0&pets=0&source_impression_id=p3_1752048418_P3JFnZjYWCV9H-G8&previous_page_section_name=1000&federated_search_id=05829aae-8506-4618-a522-f21b86b8e144
Tumbes,Habitación en Punta Sal,Bungalow para pareja,S/817,por 5 noches,https://www.airbnb.com.pe/rooms/1260928429165926120?search_mode=regular_search&adults=1&category_tag=Tag%3A8678&check_in=2025-07-09&check_out=2025-07-14&children=0&infants=0&pets=0&photo_id=2006542041&source_impression_id=p3_1752048418_P3QteIXzDaIQruyq&previous_page_section_name=1000&federated_search_id=05829aae-8506-4618-a522-f21b86b8e144
Ucayali,Apartamento en Pucallpa,Casa Samita 2,S/436,por 5 noches,https://www.airbnb.com.pe/rooms/1454619286225030650?search_mode=regular_search&adults=1&check_in=2025-07-18&check_out=2025-07-23&children=0&infants=0&pets=0&source_impression_id=p3_1752048428_P3osFIwM21KMp_-P&previous_page_section_name=1000&federated_search_id=595a336f-8120-47d6-a9bd-772129d0babf
Ucayali,Apartamento en Yarinacocha District,Habitación cómoda y bien ubicada,S/280,por 5 noches,https://www.airbnb.com.pe/rooms/1415950150776597280?search_mode=regular_search&adults=1&check_in=2025-07-09&check_out=2025-07-14&children=0&infants=0&pets=0&source_impression_id=p3_1752048430_P35XFbuOmakjbEXy&previous_page_section_name=1000&federated_search_id=595a336f-8120-47d6-a9bd-772129d0babf
Ucayali,Habitación en Pucallpa,Centro de Pucallpa Cuarto Elegante y Limpio.,S/228,por 5 noches,https://www.airbnb.com.pe/rooms/1408134837936368822?search_mode=regular_search&adults=1&category_tag=Tag%3A8678&check_in=2025-07-09&check_out=2025-07-14&children=0&infants=0&pets=0&photo_id=2193657919&source_impression_id=p3_1752048430_P35mQ-0YIftd0stU&previous_page_section_name=1000&federated_search_id=595a336f-8120-47d6-a9bd-772129d0babf
Ucayali,Casa de huéspedes en Pucallpa,D - Elegante Duplex Privada con AC en el Centro,S/338,,https://www.airbnb.com.pe/rooms/1108935612829385584?search_mode=regular_search&adults=1&check_in=2025-07-09&check_out=2025-07-14&children=0&infants=0&pets=0&source_impression_id=p3_1752048430_P3ZXB3rFPbx7K-cO&previous_page_section_name=1000&federated_search_id=595a336f-8120-47d6-a9bd-772129d0babf
Ucayali,Apartamento en Pucallpa,Mini.Dpto cerca al open plaza con acceso a terraza,S/420,por 5 noches,https://www.airbnb.com.pe/rooms/1305640545639082213?search_mode=regular_search&adults=1&check_in=2025-07-10&check_out=2025-07-15&children=0&infants=0&pets=0&source_impression_id=p3_1752048430_P3nn_ZCSGIDEqIKM&previous_page_section_name=1000&federated_search_id=595a336f-8120-47d6-a9bd-772129d0babf
Ucayali,Habitación en Pucallpa,La posada del Virrey,S/270,por 5 noches,https://www.airbnb.com.pe/rooms/541565913358563753?search_mode=regular_search&adults=1&category_tag=Tag%3A8678&check_in=2025-07-11&check_out=2025-07-16&children=0&infants=0&pets=0&photo_id=1851281633&source_impression_id=p3_1752048430_P3biKwnDEtcGThGM&previous_page_section_name=1000&federated_search_id=595a336f-8120-47d6-a9bd-772129d0babf
Ucayali,Apartamento en Pucallpa,Departamento Céntrico en Pucallpa,S/510,por 5 noches,https://www.airbnb.com.pe/rooms/1429032076280498852?search_mode=regular_search&adults=1&check_in=2025-07-09&check_out=2025-07-14&children=0&infants=0&pets=0&source_impression_id=p3_1752048430_P3yfTwCWxkeKSucN&previous_page_section_name=1000&federated_search_id=595a336f-8120-47d6-a9bd-772129d0babf
Ucayali,Apartamento en Pucallpa,"Bonito, Centrico y fresco MiniApartamento Bol/Fact",S/350,por 5 noches,https://www.airbnb.com.pe/rooms/685420291397315468?search_mode=regular_search&adults=1&check_in=2025-07-09&check_out=2025-07-14&children=0&infants=0&pets=0&source_impression_id=p3_1752048430_P3fBFxqmvVEGKtP4&previous_page_section_name=1000&federated_search_id=595a336f-8120-47d6-a9bd-772129d0babf
Ucayali,Condo en Pucallpa,Apartamento Moderno En Pucallpa +Transporte PickUp,S/531,por 5 noches,https://www.airbnb.com.pe/rooms/1357462400634982645?search_mode=regular_search&adults=1&check_in=2025-07-28&check_out=2025-08-02&children=0&infants=0&pets=0&source_impression_id=p3_1752048430_P37V41mRVpSG_Kyp&previous_page_section_name=1000&federated_search_id=595a336f-8120-47d6-a9bd-772129d0babf
Ucayali,Apartamento en Pucallpa,1 Primer Piso Aire Acond. wifi alto limpio centric,S/566,por 5 noches,https://www.airbnb.com.pe/rooms/1392355522406513482?search_mode=regular_search&adults=1&check_in=2025-07-11&check_out=2025-07-16&children=0&infants=0&pets=0&source_impression_id=p3_1752048430_P3j86JxtcS6tB2C1&previous_page_section_name=1000&federated_search_id=595a336f-8120-47d6-a9bd-772129d0babf
